№;Код;Дата завершения;Потрачено времени;Место обучения;ФИО;Возраст;Пол;Учебная группа;Макиавеллизм ;Нарциссизм ;Психопатия ;Cадизм ;Экстраверсия;Доброжелательность;Добросовестность;Нейротизм;Открытость опыту;Равнодушие к роскоши;Порядочность;Скромность;Искренность;Физическая агрессия ;Гнев ;Враждебность;Проактивная агрессия;Реактивная агрессия;РА1_Кричал(-а) на других, когда они меня раздражали. ;ПА2_Вступал(-а) в конфликт с другими, чтобы показать, кто главный. ;РА3_Злобно реагировал(-а) на провокации со стороны окружающих.;ПА4_Отбирал(-а) вещи у других.;РА5_Злился(-лась), когда не мог(-ла) получить желаемое.;ПА6_Портил(-а) чужое или общественное имущество ради развлечения.;РА7_У меня были вспышки гнева. ;РА8_Портил(-а) вещи, когда злился(-лась). ;ПА9_Участвовал(-а) в групповых драках, чтобы почувствовать себя крутым(-ой).;ПА10_Причинял(-а) боль другим, чтобы одержать победу в игре.;РА11_Злился(-лась), выходил(-а) из себя, когда что-то шло не так.;ПА12_Применял(-а) физическую силу, чтобы заставить других делать то, что мне надо.;РА13_Злился(-лась), выходил(-а) из себя, когда проигрывал(-а) в игре.;РА14_Злился(-лась), когда другие мне угрожали.;ПА15_Использовал(-а) силу, чтобы завладеть деньгами или вещами других людей.;РА16_Чувствовал(-а) себя лучше после того, как ударил(-а) кого-то или накричал(-а) на кого-то. ;ПА17_Запугивал(-а), участвовал(-а) в травле кого-либо.;ПА18_Совершал(-а) непристойные или оскорбительные телефонные звонки ради развлечения.;РА19_Бил(-а) других, чтобы защитить себя. ;ПА20_Принуждал(-а) других объединиться против кого-то. ;ПА21_Носил(-а) с собой оружие, чтобы использовать в случае драки. ;РА22_Злился(-ась) или выходил(-а) из себя или бил(-а) других, когда надо мной подшучивали. ;ПА23_Кричал(-а) на других, чтобы они сделали то, что мне надо. 
1;585281;18.04.2023 16:35;0:27:38;Школа;6PU5;16;Муж;10А;4;3;2,285714286;3,714285714;1,833333333;2,833333333;3;4;4,166666667;2,5;1,666666667;2,5;2,333333333;3,666666667;3,571428571;4,5;0;14;2;0;1;0;1;0;2;2;0;0;1;0;1;2;0;0;0;0;1;0;0;1;0
2;585250;18.04.2023 16:12;0:17:41;Школа;3RH3;17;Жен;10А;4;3,714285714;3;3;3;3,333333333;2,833333333;3,5;4;2;2;3;1,666666667;2;3,714285714;3,625;3;11;1;0;1;0;2;0;1;0;0;0;2;1;1;1;0;0;0;0;1;1;0;1;1
3;584609;18.04.2023 15:46;3:03:33;Школа;1RE5;16;Жен;10;4,142857143;4,571428571;3,714285714;2,857142857;3,666666667;3,5;2,166666667;4;4,166666667;1,5;2;1,5;1,666666667;2,555555556;4,571428571;3,625;5;10;1;0;1;1;1;1;2;2;0;0;2;0;1;0;0;0;1;1;0;0;0;0;1
4;584238;18.04.2023 10:16;0:28:17;Школа;Подруга;17;Жен;10А;4,428571429;3,571428571;3,142857143;3,714285714;3,833333333;2,5;4;4,333333333;3;2,5;5;2;4;2,666666667;4,428571429;2,625;8;17;2;2;2;0;2;0;2;1;0;2;2;0;1;1;0;2;1;0;0;1;0;2;2
5;584007;18.04.2023 9:06;0:20:07;Школа;1MN3;16;Жен;9Б;4,142857143;3,571428571;3;4,428571429;4,166666667;3;3,666666667;2,166666667;3,333333333;1;5;1;2,333333333;3,666666667;3,428571429;3,375;4;12;2;2;2;0;0;0;2;0;0;0;2;2;2;0;0;0;0;0;2;0;0;0;0
6;584006;18.04.2023 9:02;0:17:10;Школа;4JR4;15;Жен;9Б;2,428571429;2;2,142857143;2,428571429;3,166666667;3,833333333;3,333333333;3;3;2,5;3;4;2,666666667;2,222222222;3,428571429;3,375;0;6;1;0;0;0;1;0;2;1;0;0;0;0;0;0;0;0;0;0;1;0;0;0;0
7;583999;18.04.2023 9:03;0:20:48;Школа;4TN3;16;Муж;10А;4,428571429;3,285714286;2,571428571;3,142857143;2,833333333;3,333333333;2,833333333;2,5;2,333333333;1,5;3;2,5;3,333333333;2,555555556;2;1,75;5;6;1;1;1;0;1;0;1;0;0;1;0;0;0;0;0;0;0;1;1;1;0;1;1
8;583998;18.04.2023 9:12;0:31:45;Школа;5UA7;15;Жен;9Б;3,428571429;4,285714286;2,857142857;2,714285714;4,166666667;2,833333333;4,166666667;1,666666667;4,166666667;2,5;4,666666667;2;3;2,444444444;2,428571429;2,875;1;8;1;0;1;0;1;0;1;1;0;0;1;0;1;0;0;0;1;0;1;0;0;0;0
9;583996;18.04.2023 8:59;0:18:21;Школа;6TK6;16;Жен;9Б;1,571428571;3,571428571;1,714285714;2,285714286;4,166666667;3,833333333;3,666666667;2,166666667;5;4;4,666666667;2,5;4,333333333;1,777777778;2,571428571;1,875;0;6;1;0;1;0;0;0;1;0;0;0;1;0;1;1;0;0;0;0;0;0;0;0;0
10;583995;18.04.2023 9:00;0:22:38;Школа;6TC8;17;Муж;10А;3,142857143;3,428571429;1,428571429;1,857142857;3,5;3,5;2,166666667;2,666666667;2,833333333;3;5;3;3;2,111111111;1,428571429;2;0;1;0;0;0;0;0;0;0;0;0;0;0;0;0;0;0;0;0;0;1;0;0;0;0
11;583994;18.04.2023 9:04;0:26:16;Школа;3MP3;15;Жен;9Б;4,142857143;4,428571429;4,142857143;4,857142857;3,5;1,833333333;1,333333333;4,833333333;2,833333333;1;2,666666667;3;2,666666667;4,444444444;4,857142857;4,5;11;20;2;2;1;0;2;1;2;2;0;1;2;2;2;2;0;2;1;1;2;1;0;1;2
12;583989;18.04.2023 8:59;0:22:20;Школа;4LV5;17;Жен;10А;1,714285714;3,714285714;1,714285714;2,428571429;4;2,833333333;3;2,666666667;4,833333333;2;4,666666667;3,5;4,666666667;1,333333333;2,428571429;2;2;4;1;0;0;1;0;0;1;1;0;0;1;0;0;0;0;0;0;0;0;0;0;0;1
13;583985;18.04.2023 8:52;0:16:32;Школа;1qz8;15;Муж;9Б;4,285714286;4,142857143;1,857142857;3,714285714;3,833333333;2,833333333;3,833333333;1,166666667;4;3;3,666666667;5;3;3,888888889;1,714285714;2,25;0;5;1;0;1;0;0;0;0;1;0;0;0;0;0;1;0;0;0;0;1;0;0;0;0
14;583984;18.04.2023 8:54;0:19:04;Школа;6LQ4;15;Муж;9;3;2;2,714285714;1,714285714;4;4,333333333;4,166666667;2,166666667;3,5;5;1,666666667;2,5;3,666666667;2,666666667;2,714285714;2,75;1;4;1;0;0;0;0;0;1;0;0;0;0;0;0;1;0;0;1;0;1;0;0;0;0
15;583983;18.04.2023 8:53;0:17:16;Школа;7TV5;16;Жен;10А;2,571428571;2,714285714;1,428571429;2;2,833333333;2,666666667;2,833333333;3,166666667;3,166666667;3;3;4,5;4;2;2,285714286;2,875;1;6;1;0;1;1;1;0;1;1;0;0;1;0;0;0;0;0;0;0;0;0;0;0;0
16;583982;18.04.2023 9:00;0:25:10;Школа;2IS6;18;Жен;10А;2;2,714285714;2,142857143;1,142857143;3;4,166666667;3,666666667;2,166666667;3,5;3,5;5;4;5;1,888888889;3,142857143;2,75;2;7;1;1;1;0;1;0;0;1;0;0;1;0;0;1;0;0;0;0;1;0;0;0;1
17;583981;18.04.2023 8:55;0:20:09;Школа;5KT9;17;Жен;10А;4;3,571428571;3,571428571;3,571428571;3,166666667;2,5;3,333333333;4,333333333;4,833333333;1;3,333333333;3;3,333333333;3,666666667;4,714285714;4,125;7;19;2;2;2;0;2;1;2;2;0;1;2;0;2;1;0;2;1;0;0;0;1;2;1
18;583979;18.04.2023 9:10;0:35:12;Школа;2WC9;16;Муж;9;3,142857143;3,857142857;1,571428571;3,142857143;4,666666667;2,666666667;3,666666667;1,666666667;3,333333333;3;4,333333333;2;3,666666667;2,333333333;2,142857143;2,625;0;7;0;0;1;0;1;0;0;0;0;0;0;0;2;1;0;0;0;0;2;0;0;0;0
19;583978;18.04.2023 8:56;0:20:56;Школа;2LK1;17;Муж;10А;3,571428571;3,142857143;2,428571429;2,428571429;3,166666667;4,666666667;3,5;2,333333333;2,5;2;3,333333333;3,5;4;2,777777778;1,714285714;1,75;3;2;0;1;0;0;0;0;0;0;0;1;0;0;0;1;0;0;1;0;1;0;0;0;0
20;583977;18.04.2023 8:52;0:17:02;Школа;7CJ6;17;Муж;10А;3,428571429;3,571428571;2,142857143;2,285714286;4,5;3,833333333;4;3;3,333333333;2;3,666666667;2,5;4,333333333;2,555555556;2,428571429;3,25;1;9;1;0;1;0;1;0;1;0;0;0;1;0;1;0;0;1;0;0;1;0;0;1;1
21;583976;18.04.2023 9:00;0:25:18;Школа;1YT7;16;Муж;9Б;3;3,142857143;2;1,428571429;4;4,5;3,833333333;1;4,333333333;3,5;3;5;3,666666667;1,666666667;1,285714286;1,75;1;3;1;0;1;1;0;0;0;0;0;0;0;0;1;0;0;0;0;0;0;0;0;0;0
22;583975;18.04.2023 8:43;0:08:45;Школа;5LG1;15;Муж;9Б;3;3;2,857142857;3;3,666666667;3,666666667;3;3;3,5;3;3;3;2,666666667;3;3;3;6;9;1;1;1;1;1;1;1;1;1;1;1;1;1;1;0;0;0;0;1;0;0;0;0
23;583974;18.04.2023 8:58;0:23:09;Школа;7OM2;16;Муж;9Б;4,428571429;2,714285714;2,428571429;3,428571429;2,833333333;3,333333333;3,5;1,333333333;3,333333333;3;3;5;2;2;2;2,875;2;7;1;1;1;0;1;0;1;0;0;1;1;0;1;0;0;0;0;0;1;0;0;0;0
24;583973;18.04.2023 8:55;0:20:57;Школа;1CF4;17;Жен;10А;2,571428571;4,142857143;1,571428571;1;4;4,666666667;4,5;1,5;4;3,5;5;2,5;3;1;1,285714286;2,625;0;1;0;0;0;0;0;0;0;0;0;0;0;0;1;0;0;0;0;0;0;0;0;0;0
25;583972;18.04.2023 9:00;0:25:17;Школа;8WP8;17;Муж;10А;4,285714286;3;2,285714286;2,285714286;3;3,166666667;3,666666667;2;4,333333333;3;5;4,5;2,666666667;2,666666667;2,428571429;2,5;1;9;1;0;0;0;1;1;1;1;0;0;1;0;1;1;0;0;0;0;1;0;0;1;0
26;583971;18.04.2023 9:04;0:30:02;Школа;3WA6;15;Жен;9Б;4,285714286;3,714285714;2,285714286;2,857142857;3,666666667;3,666666667;4,5;3,666666667;4,666666667;4;4,333333333;4;3,333333333;1,333333333;4,285714286;2,375;0;6;2;0;0;0;1;0;0;1;0;0;1;0;0;1;0;0;0;0;0;0;0;0;0
27;583970;18.04.2023 8:48;0:14:05;Школа;2МК3;16;Муж;9;1,714285714;1,285714286;2;3,285714286;3,666666667;2,666666667;3,5;1,166666667;2,666666667;3;3;5;2,333333333;3;2,428571429;3;2;3;1;0;0;0;0;0;0;0;0;0;0;0;0;1;0;0;1;0;1;0;1;0;0
28;583969;18.04.2023 9:02;0:27:44;Школа;2VF8;16;Муж;9Б;3,142857143;3,142857143;1,571428571;1,857142857;3,5;3,666666667;2,5;1,666666667;3,833333333;3;4;3;3,666666667;2,666666667;2,571428571;2,875;1;5;1;1;1;0;0;0;0;0;0;0;1;0;0;1;0;0;0;0;1;0;0;0;0
29;583968;18.04.2023 8:54;0:19:42;Школа;5ВН6;16;Жен;9Б;4,714285714;4,571428571;2,857142857;3,285714286;3;1,5;3;3,333333333;4;1,5;4;2;2,333333333;2,333333333;4,714285714;3,875;12;14;2;2;2;2;2;1;2;2;0;2;2;0;2;0;1;0;0;0;0;2;0;0;2
30;583967;18.04.2023 8:56;0:21:52;Школа;6DBg;15;Жен;9Б;3,571428571;3,857142857;2,142857143;2,714285714;3,666666667;3,166666667;3,166666667;2,833333333;3,666666667;2,5;3,333333333;3;4;2,666666667;2,428571429;2,625;0;8;1;0;1;0;1;0;1;0;0;0;1;0;1;1;0;0;0;0;1;0;0;0;0
31;583966;18.04.2023 8:52;0:18:03;Школа;4ZL6;16;Муж;9;3,285714286;3,142857143;2,571428571;3,714285714;3,666666667;2,5;3,166666667;1,666666667;2,333333333;3;3,333333333;3,5;3,666666667;3,555555556;2,571428571;3,125;8;10;1;1;1;1;1;0;2;1;0;1;1;1;1;0;0;0;1;1;1;1;0;1;1
32;583965;18.04.2023 9:00;0:26:43;Школа;6XJ3;16;Жен;9Б;3,571428571;4,142857143;3,428571429;4,571428571;3,333333333;2,333333333;3;3,333333333;5;4,5;2,333333333;3,5;3;3,111111111;3,428571429;3,25;4;10;1;2;2;0;1;0;1;0;0;0;1;0;2;0;0;1;1;0;0;1;0;1;0
33;583964;18.04.2023 8:52;0:18:53;Школа;2ED5;16;Муж;9Б;4,857142857;4;2,571428571;3,428571429;4,166666667;3;4,166666667;1,333333333;3,166666667;4;4,333333333;1,5;5;3,555555556;2,857142857;2,625;8;14;2;2;0;1;1;0;2;2;0;2;0;2;1;2;0;0;0;0;2;1;0;2;0
34;583963;18.04.2023 8:50;0:16:51;Школа;3HJ2;15;Жен;9Б;3,428571429;4,285714286;2,285714286;3;3,833333333;2;3,833333333;1,5;3;1,5;4;2;3,333333333;2;4;3;4;13;2;1;2;0;2;0;2;0;0;1;1;0;0;2;0;1;1;0;1;0;0;0;1
35;583962;18.04.2023 8:57;0:24:09;Школа;7GD3;15;Муж;9Б;2,571428571;4,142857143;1,857142857;1,428571429;1,666666667;2,333333333;1,833333333;2,166666667;2,666666667;3,5;3;3;3;2,888888889;3,142857143;2,375;6;8;1;1;2;0;1;1;0;0;0;1;0;1;2;1;0;1;0;1;0;1;0;0;0
36;583958;18.04.2023 8:51;0:19:20;Школа;3DS1;15;Муж;9Б;3;2,714285714;1,857142857;1,571428571;3,333333333;3,5;3;1,333333333;2,833333333;2;3,333333333;2,5;4,666666667;2,555555556;1,571428571;3,125;2;8;0;1;0;1;1;0;0;0;0;0;0;0;1;1;0;2;0;0;2;0;0;1;0
37;573217;12.04.2023 0:02;0:18:00;Школа;2DC8;18;Жен;11А;3,285714286;3,142857143;2;2,428571429;2,833333333;3,666666667;4,333333333;2,666666667;3,5;3,5;3;2;4;1,777777778;2;3,25;1;6;1;1;0;0;1;0;1;0;0;0;1;0;1;0;0;0;0;0;0;0;0;1;0
39;571351;11.04.2023 9:04;0:21:08;Школа;9YG2;15;Жен;9А;3;3,142857143;2,571428571;2,428571429;2,833333333;3,333333333;3,666666667;2,5;2,833333333;3;3,333333333;4;3,666666667;1,666666667;2,142857143;2;2;6;1;0;0;1;2;0;1;1;0;0;1;0;0;0;0;0;0;0;0;0;0;0;1
40;571347;11.04.2023 8:59;0:16:29;Школа;3XN8;15;Жен;9В;2,428571429;2,571428571;2,714285714;2,142857143;4,166666667;3,5;3,833333333;2,833333333;3,333333333;3;3,666666667;2,5;3,333333333;3;3,285714286;3,125;2;8;1;1;2;0;0;0;1;1;0;0;1;0;0;1;0;0;0;0;1;0;1;0;0
41;571330;11.04.2023 9:04;0:22:44;Школа;3SM7;15;Муж;9А;3;2,714285714;1,857142857;2,285714286;3;2,833333333;3,333333333;2,666666667;3,333333333;4;4;3,5;3,333333333;2,333333333;2,857142857;2;3;5;1;0;1;1;0;0;1;0;0;0;1;0;1;0;0;0;1;0;0;1;0;0;0
42;571320;11.04.2023 9:14;0:33:29;Школа;9QM3;15;Жен;9А;1,571428571;3;1;1;4,333333333;4,5;4,833333333;1;4;4;5;4,5;5;1,111111111;1,571428571;1,75;0;2;1;0;0;0;0;0;0;0;0;0;0;0;0;1;0;0;0;0;0;0;0;0;0
43;571317;11.04.2023 9:14;0:33:34;Школа;8OV0;15;Жен;9А;1,571428571;3;1;1,142857143;3,833333333;4,833333333;4,166666667;1,166666667;3,5;3,5;3,666666667;2,5;3,666666667;1,888888889;1,142857143;1,125;0;4;1;0;0;0;1;0;0;1;0;0;1;0;0;0;0;0;0;0;0;0;0;0;0
44;571314;11.04.2023 9:04;0:23:58;Школа;2ZK5;15;Жен;9А;2,571428571;2,857142857;2;1,428571429;3,333333333;3,5;3,166666667;2,666666667;2,5;3;5;2,5;4,333333333;2,555555556;3,142857143;2,375;0;8;1;0;0;0;1;0;1;1;0;0;1;0;0;1;0;1;0;0;1;0;0;0;0
45;571311;11.04.2023 9:01;0:21:10;Школа;5QM4;16;Муж;9A;3,571428571;3,571428571;2,428571429;4,285714286;2,833333333;2,5;2,5;1,666666667;4,666666667;3;3,666666667;3;4;1,666666667;2,142857143;1,75;4;5;1;1;1;1;1;0;1;0;0;0;0;1;1;0;0;0;0;0;0;0;0;0;1
46;571309;11.04.2023 8:59;0:18:59;Школа;1AL6;16;Жен;9В;2,857142857;3,714285714;1,285714286;1,571428571;4,5;4,333333333;4,333333333;2,5;3,5;5;3,666666667;3;4;1,444444444;1;2,25;0;9;1;0;2;0;2;0;1;0;0;0;1;0;0;2;0;0;0;0;0;0;0;0;0
47;571306;11.04.2023 9:01;0:20:49;Школа;4CR2;16;Муж;9В;3,857142857;4,571428571;4;4,285714286;2,166666667;2,833333333;2,833333333;3,166666667;3;3,5;4;4,5;3;2,777777778;3,142857143;3,125;1;6;1;1;0;0;1;0;1;0;0;0;0;0;1;0;0;1;0;0;1;0;0;0;0
48;571305;11.04.2023 9:04;0:23:55;Школа;7EG2;16;Жен;9А;3,285714286;3,428571429;3,428571429;3,857142857;3,666666667;2,333333333;2;3,333333333;4;1,5;3,333333333;3;4,333333333;3,333333333;3,571428571;3,75;5;17;2;1;2;1;2;0;2;0;0;0;2;1;1;2;0;2;0;0;1;1;0;1;1
49;571300;11.04.2023 9:00;0:20:21;Школа;8RB5;15;Жен;9А;2,428571429;3,857142857;3;2,571428571;3,833333333;3;3,5;4;3,5;2;3,666666667;3;3;3,444444444;4,285714286;3,125;3;10;2;1;1;0;1;0;2;0;0;0;1;1;0;1;0;0;0;0;1;0;0;1;1
50;571286;11.04.2023 8:56;0:16:44;Школа;6LX1;15;Муж;9А;3,285714286;3,857142857;1,857142857;2,571428571;3,833333333;4;4;2,333333333;3,666666667;1,5;5;2;3,333333333;2,555555556;2,285714286;3,125;4;9;1;1;1;1;1;0;1;1;0;0;0;1;1;1;0;0;0;1;1;0;0;1;0
51;571285;11.04.2023 9:00;0:21:32;Школа;4UY3;17;Муж;9В;4,285714286;4;4,714285714;4;2,5;3,166666667;2,666666667;2,833333333;2,833333333;2;2,666666667;3;3;3,888888889;3,571428571;3,875;7;11;1;1;1;1;1;0;2;1;1;0;1;1;1;1;0;0;0;0;1;1;1;1;1
52;571284;11.04.2023 9:01;0:22:20;Школа;8OV0;15;Муж;9А;3,142857143;2,714285714;1,857142857;2;2,333333333;3,5;2,333333333;2,666666667;2,833333333;3,5;3,666666667;3;4;2;2,714285714;2;2;6;0;0;1;1;1;0;1;1;0;0;1;0;1;0;0;0;0;0;0;1;0;0;0
53;571281;11.04.2023 8:55;0:16:28;Школа;5op2;16;Муж;9А;3,857142857;3,428571429;1,714285714;1,428571429;4,833333333;3,666666667;3,166666667;1,333333333;4,666666667;5;3,666666667;4;3,333333333;1,555555556;2,142857143;2;1;3;1;1;0;0;1;0;0;0;0;0;1;0;0;0;0;0;0;0;0;0;0;0;0
54;571280;11.04.2023 9:03;0:23:46;Школа;9uz1;16;Муж;9A;3,285714286;3,571428571;2,857142857;2,285714286;4,333333333;4;3,333333333;1,666666667;2,833333333;5;5;4;4;1,222222222;1;1,625;0;1;0;0;0;0;0;0;1;0;0;0;0;0;0;0;0;0;0;0;0;0;0;0;0
55;571277;11.04.2023 8:56;0:17:22;Школа;4TJ0;15;Жен;9А;4,142857143;2,285714286;2,571428571;4,285714286;1,333333333;2,166666667;2,333333333;5;3,166666667;2,5;3;5;3,333333333;2,444444444;4,142857143;3,625;0;14;2;0;1;0;1;0;2;2;0;0;2;0;1;2;0;1;0;0;0;0;0;0;0
56;571269;11.04.2023 9:01;0:22:51;Школа;3RE2;15;Жен;9А;2,857142857;3;2,285714286;2,714285714;3,333333333;2,833333333;2,666666667;2,333333333;2,333333333;1,5;4,333333333;2;3,666666667;1,888888889;2,571428571;2,5;1;2;1;0;0;0;0;0;1;0;0;0;0;0;0;0;0;0;1;0;0;0;0;0;0
57;571268;11.04.2023 9:02;0:23:33;Школа;7LF7;15;Жен;9А;1,857142857;2,428571429;2;2,142857143;3,833333333;3;4,666666667;1,333333333;4,833333333;1,5;2,666666667;4,5;4;1,333333333;2,142857143;1,75;0;5;1;0;1;0;0;0;1;1;0;0;1;0;0;0;0;0;0;0;0;0;0;0;0
58;571265;11.04.2023 8:57;0:18:53;Школа;5WX7;16;Жен;9А;3,714285714;2,142857143;2,285714286;1,857142857;1,833333333;3,333333333;3,666666667;2,833333333;4,333333333;1,5;4;5;3;2,111111111;2,285714286;3,625;1;10;1;0;1;0;1;0;1;0;0;0;1;0;2;0;0;1;0;0;1;0;0;1;1
59;571262;11.04.2023 8:59;0:20:15;Школа;1YT4;16;Жен;9A;3,285714286;2,142857143;1,857142857;1,428571429;2,666666667;3,166666667;3,333333333;4,666666667;2,333333333;3,5;5;2,5;4,333333333;1,666666667;3,428571429;3,625;2;7;1;1;1;0;0;0;1;0;0;0;2;0;1;0;0;0;0;0;1;0;0;0;1
60;571261;11.04.2023 8:59;0:20:20;Школа;1ND6;15;Муж;9А;3,857142857;3,857142857;1,428571429;2,428571429;3,666666667;3;4,166666667;1,5;3,166666667;2,5;4;3;3,333333333;1,555555556;1,714285714;2;0;5;1;0;0;0;0;0;1;1;0;0;0;0;1;0;0;0;0;0;1;0;0;0;0
61;571260;11.04.2023 9:13;0:34:50;Школа;2WB9;16;Муж;9А;3,142857143;3,857142857;1,857142857;1,714285714;3,833333333;3,833333333;4,666666667;1,166666667;4,166666667;3;5;4;3,333333333;2,333333333;2;2,25;0;4;1;0;0;0;1;0;1;0;0;0;0;0;0;0;0;0;0;0;1;0;0;0;0
62;571257;11.04.2023 8:56;0:18:07;Школа;6VU9;15;Жен;9A;3,428571429;4,571428571;2,571428571;3;4,833333333;3,833333333;4;1,5;4,666666667;2;2,666666667;2;2,333333333;2,111111111;3,428571429;2,875;0;11;1;0;1;0;1;0;1;1;0;0;1;0;1;1;0;1;0;0;1;0;0;1;0
63;571255;11.04.2023 8:54;0:15:21;Школа;1IG3;17;Муж;11;4,142857143;3,428571429;3,285714286;3,857142857;2,833333333;1,5;2,166666667;3,5;4,5;1;3;1,5;1;2,888888889;4,428571429;4,125;4;16;2;1;1;0;1;0;2;1;0;1;2;2;2;2;0;0;0;0;2;0;0;1;0
64;571242;11.04.2023 8:56;0:18:35;Школа;4PO4;15;Муж;9А;3,857142857;3,428571429;2,142857143;3,857142857;2,666666667;2,333333333;3,333333333;2,5;3,333333333;3;2,333333333;3;3,333333333;1,777777778;2;1,25;8;11;2;2;2;2;2;1;2;1;0;0;1;0;1;0;0;0;0;2;0;1;0;0;0
65;571241;11.04.2023 8:56;0:19:11;Школа;6DH8;15;Муж;9A;4,428571429;3;1,857142857;3,142857143;2,666666667;3,333333333;3,666666667;2,666666667;2,666666667;2;3;3;3,333333333;2,444444444;2,285714286;1,875;7;9;1;1;1;1;1;1;1;1;0;0;1;0;1;1;1;1;2;1;0;0;0;0;0
66;571240;11.04.2023 8:59;0:22:43;Школа;2JN9;17;Жен;11;3,571428571;3,857142857;1,857142857;1,571428571;3,333333333;2,833333333;2,5;3,166666667;3,333333333;2,5;3,333333333;2;2,333333333;2,111111111;2,571428571;2,625;1;9;0;0;1;0;1;0;1;0;0;0;1;0;1;1;0;1;0;0;1;0;0;1;1
67;571239;11.04.2023 8:52;0:16:43;Школа;5KJ2;17;Жен;11А;4,285714286;4,428571429;2,857142857;3,142857143;3,333333333;1,833333333;2,833333333;2,666666667;2,5;1,5;3,666666667;2,5;4;2,444444444;4,428571429;2,875;8;15;2;2;2;1;2;0;2;1;0;1;2;1;1;0;0;1;0;0;1;1;0;1;2
68;571238;11.04.2023 9:03;0:27:40;Школа;4FM7;18;Жен;11А;3;3,714285714;2;2,142857143;3,833333333;3;4;2,166666667;3,166666667;3;3,666666667;2,5;4;2,222222222;3,142857143;3,125;1;6;1;1;0;0;0;0;1;0;0;0;1;0;0;0;0;1;0;0;1;0;0;1;0
69;571237;11.04.2023 9:10;0:35:37;Школа;5XP3;17;Муж;11А;2,571428571;3,571428571;1,857142857;2,285714286;4,166666667;3,5;4,666666667;1,333333333;4,166666667;3,5;2,666666667;2,5;4,333333333;2,555555556;2,142857143;1,875;0;5;1;0;0;0;0;0;1;0;0;0;0;0;1;1;0;0;0;0;1;0;0;0;0
70;571236;11.04.2023 9:06;0:31:42;Школа;7QA7;18;Муж;11А;4,142857143;3,571428571;2,142857143;2,714285714;3,5;2,833333333;3,833333333;1,666666667;3,333333333;2;2,333333333;2;3;2,888888889;2,142857143;2,625;4;7;1;1;0;0;1;0;0;0;0;1;1;0;1;1;0;0;0;0;1;1;0;1;1
71;571234;11.04.2023 8:54;0:19:56;Школа;3KS5;18;Муж;11;2,428571429;2,857142857;2,285714286;2,571428571;2,5;3,166666667;2,666666667;3,666666667;3;4;5;3;4;2;3,571428571;2,5;4;7;2;1;0;1;0;1;0;0;0;0;1;1;2;0;0;0;0;0;1;0;0;1;0
72;571232;11.04.2023 8:54;0:20:19;Школа;3HB2;17;Муж;11;2;2,714285714;2,428571429;2,285714286;3,166666667;3,5;3;2,166666667;4,166666667;4;3,333333333;3,5;3,333333333;2,444444444;2,142857143;2,25;1;6;1;0;0;1;1;0;1;1;0;0;1;0;1;0;0;0;0;0;0;0;0;0;0
74;555064;14.03.2023 9:10;0:10:24;Школа;7ВО5;14;Муж;8А;3,571428571;3,142857143;3,428571429;3;2,833333333;3,666666667;3,333333333;3;2,833333333;2,5;3;3;2,666666667;3,222222222;3,285714286;3,375;9;15;2;1;0;1;1;0;2;2;0;1;2;1;2;2;2;2;0;0;0;1;2;0;0
75;555062;14.03.2023 9:01;0:19:11;Школа;2DM6;15;Муж;8В;3,714285714;2,714285714;4,857142857;4,142857143;4;2;2,333333333;4,166666667;2,5;2;1,666666667;1,5;4;4,333333333;4,142857143;4,25;18;21;2;2;2;2;2;2;2;2;2;1;2;1;2;2;1;1;1;1;2;2;2;2;1
76;555060;14.03.2023 9:03;0:22:45;Школа;9XC9;15;Муж;8А;3;3,142857143;1,142857143;2;3,666666667;3,333333333;4,166666667;1,833333333;3,666666667;2;3,333333333;2,5;3,333333333;2;1,571428571;2,25;1;4;1;1;0;0;0;0;1;0;0;0;1;0;0;0;0;0;0;0;1;0;0;0;0
77;555059;14.03.2023 8:54;0:14:51;Школа;5WM8;15;Жен;8А;3,571428571;3,714285714;2,571428571;2,571428571;2,5;2,333333333;3,666666667;3,5;2;3;3,333333333;2,5;4;1,333333333;4,285714286;3,125;0;12;1;0;1;0;2;0;2;1;0;0;2;0;2;0;0;1;0;0;0;0;0;0;0
78;555058;14.03.2023 8:55;0:15:45;Школа;6PN7;14;Жен;8А;3;2,285714286;2;2,428571429;3;3,333333333;3,333333333;2,666666667;3,333333333;4,5;5;3,5;3,333333333;1,666666667;2,714285714;3,125;0;5;1;0;0;0;1;0;1;0;0;0;0;0;1;1;0;0;0;0;0;0;0;0;0
79;555057;14.03.2023 9:02;0:22:35;Школа;2QB6;15;Муж;8А;2,285714286;3;1,285714286;1,571428571;4,333333333;4,333333333;3,833333333;1,333333333;4;4;5;3,5;2,333333333;1,333333333;1,285714286;1,875;0;2;1;0;0;0;0;0;1;0;0;0;0;0;0;0;0;0;0;0;0;0;0;0;0
80;555056;14.03.2023 9:04;0:24:59;Школа;6PH8;15;Муж;8А;3,285714286;3,428571429;1,857142857;2,285714286;3,5;3,5;4,333333333;1,833333333;3,833333333;4;3,666666667;3,5;3;2,555555556;2,428571429;2,125;2;8;1;0;0;0;1;0;0;1;0;0;1;1;1;1;0;0;0;0;1;0;0;1;1
81;555055;14.03.2023 9:03;0:23:55;Школа;3LA6;14;Муж;8А;2,428571429;2,857142857;2,571428571;2,571428571;3,333333333;3,666666667;3,666666667;2,166666667;3,333333333;4;3,333333333;4;3,333333333;2,666666667;2,428571429;2,375;3;10;1;1;1;1;1;0;1;1;0;0;1;0;1;1;0;0;0;0;1;0;0;1;1
82;555054;14.03.2023 9:03;0:23:54;Школа;5ОМ2;14;Жен;8А;3,285714286;3,571428571;2;2;3,666666667;3,666666667;3,666666667;2,166666667;4;2;2,666666667;3;4;1,666666667;2,142857143;2;2;1;0;0;0;1;1;0;0;0;0;0;0;0;0;0;0;0;1;0;0;0;0;0;0
83;555053;14.03.2023 9:02;0:22:37;Школа;9ZP5;14;Жен;8А;2,714285714;2,428571429;3,285714286;2,714285714;4,166666667;2,666666667;2,833333333;4;2,666666667;1,5;3,333333333;2,5;4,333333333;3,333333333;3,857142857;2;3;12;2;1;1;0;2;0;1;2;0;0;1;1;2;0;0;0;0;0;1;0;0;0;1
84;555052;14.03.2023 9:02;0:22:54;Школа;8SB6;14;Жен;8А;3,142857143;3,428571429;2,142857143;3;3;3,333333333;3,333333333;3,5;4,5;3;4,333333333;3,5;3,666666667;1,888888889;3,285714286;3,375;1;10;1;0;1;1;1;0;1;1;0;0;1;0;1;1;0;0;0;0;1;0;0;1;0
85;555051;14.03.2023 8:59;0:19:32;Школа;1XIO;14;Муж;8А;4,285714286;3,285714286;3;3,571428571;3;2,666666667;3,666666667;4,333333333;3,333333333;4,5;4,333333333;2;4;2,555555556;3,428571429;4;1;8;1;0;1;0;0;0;2;0;0;1;0;0;1;0;0;2;0;0;0;0;0;1;0
86;555050;14.03.2023 20:56;12:17:05;Школа;6RM1;14;Жен;8А;3,285714286;3,428571429;1,428571429;2;2,666666667;3,666666667;3,5;1,666666667;2,666666667;1,5;3,666666667;2,5;3,333333333;2,111111111;1,428571429;2,25;6;5;1;0;0;1;1;1;0;0;0;1;1;0;0;0;1;0;1;0;1;0;0;1;1
87;555049;14.03.2023 8:58;0:19:24;Школа;4HF7;14;Жен;8А;2,428571429;2,571428571;3,142857143;2;2,833333333;3,5;3;3,333333333;3,166666667;4;3,666666667;4;3,666666667;2,444444444;3,428571429;1,875;2;10;2;1;1;0;0;0;2;0;0;0;2;0;0;1;0;1;1;0;0;0;0;1;0
88;555048;14.03.2023 9:02;0:24:07;Школа;9ER2;14;Муж;8А;3,285714286;3;1,571428571;1,857142857;3,166666667;3,833333333;3,166666667;2,333333333;4;3,5;4,333333333;4;4,666666667;1,111111111;1;1,75;0;3;0;0;1;0;1;0;0;0;0;0;0;0;0;0;0;0;0;0;1;0;0;0;0
89;555047;14.03.2023 9:05;0:26:52;Школа;4MO9;14;Муж;8А;3,571428571;2,714285714;1,857142857;2;2,333333333;2,833333333;3;3;3,166666667;2;4,666666667;3;3,666666667;3,222222222;3,428571429;2,75;2;10;1;0;1;1;1;0;1;1;0;0;1;0;1;1;0;0;0;0;1;0;0;1;1
90;555046;14.03.2023 9:00;0:22:28;Школа;3RN8;14;Муж;8А;2,714285714;2,428571429;2,714285714;2,142857143;2,833333333;3,166666667;2,666666667;2,666666667;2,833333333;4;5;2,5;3,333333333;2,666666667;2,428571429;3,875;2;7;1;0;1;1;0;0;0;0;0;0;0;0;2;1;0;0;1;0;1;0;0;1;0
91;555045;14.03.2023 8:58;0:20:49;Школа;7RB9;14;Жен;8А;3,428571429;4,142857143;4,571428571;5;3;1,833333333;2,5;3,666666667;3,166666667;1,5;2,333333333;1,5;3;3,444444444;4,428571429;3,375;19;16;1;2;1;2;2;2;2;2;2;2;2;2;1;1;1;1;2;2;2;1;0;1;1
92;555044;14.03.2023 8:59;0:22:59;Школа;9CJ6;14;Жен;8В;2,428571429;2,857142857;1,857142857;1,714285714;4,166666667;4;4;2;3,166666667;5;5;3;3,333333333;1,888888889;1,571428571;2;0;2;0;0;0;0;0;0;0;0;0;0;0;0;0;0;0;0;0;0;1;0;0;1;0
93;555043;14.03.2023 8:59;0:23:17;Школа;8ZF3;14;Жен;8В;3;2,714285714;2,142857143;1,857142857;2,833333333;3,333333333;3;3,333333333;2,833333333;4;4,666666667;4;3,666666667;1,333333333;3,428571429;2,125;3;8;1;0;1;1;1;0;1;0;0;0;1;1;1;1;0;0;0;0;1;0;0;0;1
94;555042;14.03.2023 9:01;0:24:44;Школа;4RT8;15;Муж;8А;3,428571429;1,571428571;1,285714286;3,714285714;2;2,833333333;3;4,333333333;2,833333333;2,5;1;5;1;2,444444444;3,857142857;2,75;1;8;1;1;1;0;1;0;1;0;0;0;1;0;1;1;0;0;0;0;1;0;0;0;0
95;555041;14.03.2023 9:03;0:26:56;Школа;3RN9;14;Жен;8В;2;2,571428571;2,428571429;2,285714286;2,166666667;3,5;3,333333333;2,5;3,5;4,5;5;3;3,333333333;2,111111111;2;2,75;0;2;0;0;0;0;0;0;1;0;0;0;0;0;0;0;0;0;0;0;1;0;0;0;0
96;555040;14.03.2023 9:03;0:27:27;Школа;1MO4;14;Жен;8В;2,571428571;2,714285714;2,285714286;1,571428571;2,333333333;4;2,166666667;2,833333333;3,833333333;4;5;3;4;1,555555556;4,142857143;2,125;2;8;2;1;1;0;1;0;1;0;0;0;2;0;1;0;0;0;0;0;0;0;0;0;1
97;555039;14.03.2023 9:05;0:29:03;Школа;7XO9;14;Жен;8А;2,571428571;3,285714286;1,857142857;2,285714286;3,333333333;2,833333333;2,5;3,666666667;3,666666667;3,5;4,333333333;4,5;2,333333333;2,222222222;2,428571429;2,25;3;9;2;1;1;1;1;0;1;1;0;0;1;0;1;0;0;0;0;0;0;0;0;1;1
98;555038;14.03.2023 8:58;0:22:26;Школа;7WN1;14;Жен;8В;1,857142857;2,571428571;2;1,857142857;3,166666667;3,666666667;3,5;3;3;3;4,333333333;3;3;2,111111111;2,571428571;2,625;2;8;1;0;1;1;1;0;1;1;0;0;1;0;1;0;0;0;0;0;0;1;0;1;0
99;555037;14.03.2023 9:04;0:28:03;Школа;2UN4;14;Жен;8А;3,571428571;4;2,857142857;2,571428571;3,833333333;3,833333333;2,666666667;3,166666667;4;1,5;3,666666667;3;3;1,555555556;3,285714286;2,375;1;7;1;0;1;0;1;0;1;1;0;0;1;0;0;1;0;0;0;0;0;0;0;0;1
100;555036;14.03.2023 8:57;0:21:22;Школа;8YB1;14;Муж;8А;2,285714286;1,285714286;1,428571429;2,428571429;3,5;2,666666667;3;3,166666667;3;2,5;5;4;2,333333333;1,555555556;2,857142857;2,625;0;6;1;0;1;0;0;0;1;0;0;0;1;0;1;0;0;0;0;0;0;0;0;1;0
101;555035;14.03.2023 8:57;0:21:22;Школа;1NQ6;14;Муж;8А;2;3;1,857142857;3,142857143;3,666666667;3,166666667;3,666666667;2;2,333333333;3;2,333333333;3,5;3,666666667;2,777777778;2,857142857;2,125;1;6;1;0;1;1;0;0;1;0;0;0;0;0;0;1;0;1;0;0;1;0;0;0;0
102;555034;14.03.2023 8:59;0:23:20;Школа;7OS5;14;Жен;8В;3;2,428571429;3,142857143;4,142857143;2;2,666666667;2,5;4,833333333;3,5;4;3,333333333;4;4,333333333;3,333333333;4,857142857;4,25;6;19;2;1;2;1;2;0;2;2;0;0;2;0;2;2;0;1;0;1;1;0;2;1;1
103;555033;14.03.2023 9:07;0:31:23;Школа;1YB5;15;Муж;8А;3,857142857;3,285714286;1,857142857;2,285714286;2,833333333;3,333333333;3,5;1,833333333;2,833333333;2;3,666666667;3;3,333333333;1,666666667;2;2,125;0;6;1;0;1;0;1;0;0;0;0;0;1;0;2;0;0;0;0;0;0;0;0;0;0
104;555032;14.03.2023 9:00;0:24:33;Школа;4CP8;13;Муж;8А;3,571428571;2,714285714;2,428571429;2,571428571;2,666666667;3,333333333;3,333333333;3,5;2,666666667;2,5;2,666666667;3;3,333333333;2,222222222;2;2,125;4;8;1;0;1;1;0;0;1;1;0;1;1;1;1;1;1;1;0;0;0;0;0;0;0
105;555030;14.03.2023 8:54;0:19:15;Школа;3KF5;15;Жен;8А;3,571428571;3,714285714;3;4,142857143;3,166666667;2,5;4,5;4;3,833333333;3,5;3,333333333;2,5;2,666666667;3,444444444;4,142857143;4,125;3;10;1;1;1;0;1;0;1;1;0;0;1;0;1;1;0;0;0;1;1;1;0;1;0
106;555029;14.03.2023 8:52;0:17:39;Школа;5SB6;15;Муж;8В;3,714285714;3;4;4,285714286;3,166666667;2,5;3,166666667;3;2,833333333;4;2,666666667;3;3;3,111111111;2,571428571;3,25;4;9;1;0;1;0;2;0;1;1;0;0;1;1;1;1;1;0;1;0;0;1;0;0;0
107;555028;14.03.2023 9:01;0:26:43;Школа;2RC9;14;Муж;8В;2,857142857;2,714285714;2,142857143;1,142857143;3,833333333;3,666666667;3,666666667;1,833333333;2,333333333;5;5;5;3,666666667;1,444444444;1,142857143;1;0;1;0;0;0;0;0;0;0;0;0;0;0;0;0;1;0;0;0;0;0;0;0;0;0
108;555027;14.03.2023 9:01;0:27:18;Школа;3WG7;14;Жен;8В;4,714285714;4,571428571;3;4;4,333333333;2,333333333;3,833333333;2,333333333;4,333333333;1;2,666666667;1;1,666666667;1,777777778;2,571428571;2,25;7;6;1;2;1;1;2;0;1;0;0;1;1;1;0;0;0;0;0;0;0;1;0;0;1
109;555026;14.03.2023 9:04;0:29:37;Школа;8PS1;14;Муж;8В;3,428571429;3,857142857;2;2,571428571;4,666666667;3,5;3,833333333;1,166666667;3,333333333;3;4,333333333;2;3,333333333;2;1;1,5;1;6;1;1;0;0;0;0;1;0;0;0;1;0;0;1;0;0;0;0;1;0;0;1;0
110;555025;14.03.2023 8:56;0:21:43;Школа;2VF5;15;Муж;8В;4,142857143;4,285714286;4,714285714;3;4;2,666666667;3,5;2,833333333;3;2,5;2,333333333;2,5;3,666666667;3,111111111;3,571428571;3,25;8;8;1;0;1;2;1;2;1;1;0;0;1;1;1;0;0;0;1;0;1;1;0;0;1
111;555024;14.03.2023 8:51;0:17:35;Школа;5018;15;Муж;8В;3,142857143;3,857142857;3,571428571;3,714285714;3,333333333;3,833333333;3,5;3,333333333;3,833333333;3,5;3;4;3;2,666666667;2,571428571;3,75;14;11;2;2;1;1;1;2;1;1;1;2;1;1;1;1;2;1;1;1;0;1;0;1;0
112;555023;14.03.2023 9:08;0:34:32;Школа;4EM6;15;Муж;8В;3;2,285714286;2,571428571;2,428571429;3,166666667;3;3,333333333;2,5;3;4;3;4;3;2,555555556;2,571428571;2,625;2;9;1;1;1;1;0;0;1;1;0;0;1;0;1;1;0;0;0;0;1;0;0;1;0
;595696;24.04.2023 12:50;0:16:40;Колледж;595696;19;Муж;СЭЗ-920;4,285714286;3,428571429;3,571428571;3;3,333333333;2;2;3,666666667;4;2;2,666666667;3;3;2,888888889;2,714285714;2;6;7;1;1;1;1;1;1;1;1;0;0;1;1;0;0;0;0;0;0;1;0;1;0;1
;595627;24.04.2023 12:34;0:17:18;Колледж;595627;20;Муж;СЭЗ-920;3,857142857;4,857142857;3;4,285714286;4,166666667;2,5;3;2,5;4,5;2;2;2;2,666666667;1,888888889;2,285714286;1,375;8;8;1;1;1;0;1;0;1;0;0;1;0;1;1;1;0;0;1;1;1;1;1;1;1
;595626;24.04.2023 12:30;0:13:40;Колледж;595626;19;Муж;СЭЗ-920;2,285714286;3,571428571;3,285714286;2,714285714;4,333333333;3,166666667;3,666666667;1,666666667;3,5;2,5;4;3;2,666666667;3;2,285714286;1,875;2;2;1;1;1;0;0;0;0;0;0;0;0;1;0;0;0;0;0;0;0;0;0;0;0
;595625;24.04.2023 12:30;0:13:44;Колледж;595625;19;Муж;СЭЗ-920;3,428571429;3,571428571;1,571428571;1,714285714;4;3,666666667;3,833333333;2,333333333;2,833333333;2,5;5;2;3,333333333;1,666666667;1,571428571;1,375;0;3;1;0;0;0;0;0;0;0;0;0;0;0;0;1;0;0;0;0;1;0;0;0;0
;595605;24.04.2023 12:30;0:20:21;Колледж;595605;17;Жен;ОД-922;2;2,285714286;1,428571429;1,285714286;3,666666667;4,833333333;4;2,166666667;3,5;4,5;5;5;4,666666667;1,222222222;1,714285714;1,75;0;2;0;0;0;0;0;0;1;0;0;0;0;0;0;1;0;0;0;0;0;0;0;0;0
;595519;24.04.2023 11:57;0:10:31;Колледж;595519;17;Жен;ОД-922;2;3,285714286;1,142857143;1,142857143;4;4,166666667;4,166666667;2,333333333;3,5;4,5;5;4,5;4,666666667;1,444444444;1,571428571;2,75;0;2;1;0;0;0;0;0;1;0;0;0;0;0;0;0;0;0;0;0;0;0;0;0;0
;595518;24.04.2023 12:00;0:14:06;Колледж;595518;18;Жен;ОД-922;3,285714286;3,428571429;1,857142857;3;3,666666667;3,333333333;2,833333333;2,5;3,333333333;3;2,666666667;2,5;3;2,111111111;3,571428571;2,875;1;9;1;1;1;0;1;0;1;0;0;0;1;0;1;1;0;0;0;0;1;0;0;1;0
;595517;24.04.2023 12:01;0:14:38;Колледж;595517;18;Жен;ОД-922;3,857142857;4,142857143;1,571428571;2;5;3,166666667;3,333333333;2;3,833333333;1;3,666666667;2;2,666666667;1,555555556;2,142857143;1,25;1;4;1;0;1;0;1;0;1;0;0;0;0;1;0;0;0;0;0;0;0;0;0;0;0
;595511;24.04.2023 12:00;0:15:04;Колледж;595511;17;Жен;ОД-922;3,571428571;3,857142857;3;2,571428571;4,5;3;3,166666667;2,5;4,166666667;2;3;3;3,666666667;1,888888889;4,571428571;2;2;8;1;1;1;0;1;0;1;1;0;0;1;0;1;1;0;0;0;0;0;0;0;0;1
;595510;24.04.2023 11:57;0:11:45;Колледж;595510;18;Жен;ОД-922;2,714285714;2,142857143;2,142857143;2,571428571;2,5;3,166666667;3,166666667;4,5;2,833333333;1;3,666666667;2;3;3,888888889;4,857142857;3,25;3;9;1;0;1;0;1;1;1;1;0;0;1;0;1;1;0;1;1;0;0;0;0;0;1
;595509;24.04.2023 11:55;0:09:26;Колледж;595509;19;Жен;ОД-922;1,857142857;2,857142857;1,285714286;1,285714286;4;3,833333333;5;1;3;3;4;2;4;2;1,857142857;1;1;1;1;1;0;0;0;0;0;0;0;0;0;0;0;0;0;0;0;0;0;0;0;0;0
;595508;24.04.2023 11:59;0:13:39;Колледж;595508;17;Жен;ОД-922;2;2,714285714;2,714285714;1,285714286;4;3,5;3;2,333333333;2,833333333;4;4,666666667;4;4,666666667;1,777777778;2,142857143;1,125;0;5;1;0;0;0;1;0;1;1;0;0;0;0;0;0;0;0;0;0;1;0;0;0;0
;595507;24.04.2023 12:02;0:17:09;Колледж;595507;17;Жен;ОД-922;4,285714286;2,571428571;2,428571429;3,571428571;4;2,333333333;4,333333333;3,833333333;4,166666667;3;4;3;3,666666667;2,222222222;3,857142857;3,625;0;7;1;0;1;0;1;0;1;0;0;0;1;0;1;1;0;0;0;0;0;0;0;0;0
;595505;24.04.2023 12:03;0:17:31;Колледж;595505;18;Жен;ОД-922;3,285714286;3,428571429;1,714285714;2;4,5;4;3,333333333;2,333333333;3,333333333;3;3,666666667;3,5;3,666666667;1,888888889;2,714285714;1,875;2;3;1;1;1;0;0;0;0;0;0;0;1;0;0;0;0;0;0;0;0;0;0;0;1
;595503;24.04.2023 12:10;0:24:56;Колледж;595503;17;Жен;ОД-922;3,857142857;2,714285714;1,857142857;3,142857143;1,666666667;2,666666667;2,666666667;5;3,833333333;2,5;1,666666667;3,5;2,666666667;2;4,142857143;2,75;4;7;1;1;1;1;1;1;1;0;0;0;1;0;1;1;0;0;0;0;0;0;0;0;1
;595501;24.04.2023 11:58;0:13:30;Колледж;595501;18;Жен;ОД-922;3,857142857;3,142857143;1,857142857;1,428571429;2,5;3,833333333;4,166666667;2,833333333;2,666666667;2;4,333333333;3;3,333333333;1,555555556;1,571428571;2,875;0;7;0;0;1;0;1;0;0;1;0;0;1;0;1;1;0;0;0;0;0;0;0;1;0
;595500;24.04.2023 12:02;0:17:25;Колледж;595500;17;Жен;ОД-922;3,285714286;4;2,714285714;2,857142857;4,666666667;3,833333333;3,166666667;2,833333333;4,166666667;1;3,333333333;1,5;3,666666667;2;4;3,25;4;11;1;1;1;0;1;0;1;1;0;1;1;0;1;1;0;1;1;1;1;0;0;1;0
;595499;24.04.2023 12:01;0:16:17;Колледж;595499;18;Жен;ОД-922;4,428571429;3,714285714;3,285714286;3,285714286;3,5;3,5;4,166666667;3,5;4;3,5;1;2;2;1,666666667;2,714285714;3,25;1;9;1;0;1;0;1;0;1;0;0;0;1;0;0;1;0;1;0;0;1;0;0;1;1
;595498;24.04.2023 12:00;0:15:40;Колледж;595498;17;Жен;ОД-922;3,285714286;3,714285714;1,857142857;2,571428571;3,666666667;3,166666667;3,166666667;2;3,666666667;2,5;4;1,5;4,333333333;1,888888889;2;2,625;0;7;1;0;1;0;1;0;1;1;0;0;0;0;0;0;0;1;0;0;1;0;0;0;0
;595496;24.04.2023 11:57;0:12:40;Колледж;595496;18;Жен;ОД-922;2,571428571;3,285714286;3,285714286;2,142857143;3,333333333;3,5;3,333333333;3,666666667;3,333333333;4;4;3;4,333333333;1,666666667;2,857142857;2,75;2;6;1;0;1;0;1;0;1;0;0;1;0;0;1;1;0;0;0;0;0;0;0;0;1
;595495;24.04.2023 11:59;0:14:26;Колледж;595495;18;Жен;ОД-922;3,857142857;3,142857143;3,285714286;2,857142857;2,833333333;2,666666667;1,833333333;3,166666667;3,666666667;2;1,666666667;2,5;2,333333333;1,777777778;4;3,625;3;10;1;0;1;0;1;0;1;1;0;1;1;0;1;1;0;1;1;0;0;0;0;1;1
;595494;24.04.2023 12:07;0:22:14;Колледж;595494;17;Жен;ОД-922;3,142857143;3,285714286;2,428571429;2,714285714;3,833333333;2,833333333;3,166666667;2;2,833333333;2;3;3,5;4;2,666666667;3,857142857;1,875;2;8;1;1;1;0;1;0;1;0;0;0;1;0;1;1;0;0;0;0;0;0;0;1;1
;595493;24.04.2023 12:04;0:19:10;Колледж;595493;18;Жен;ОД-922;4;3;1,714285714;1,714285714;4,666666667;3,666666667;3,666666667;1,833333333;3,5;2,5;2,666666667;5;2,666666667;1,777777778;3,142857143;1,5;1;5;1;1;1;0;1;0;0;0;0;0;1;0;0;1;0;0;0;0;0;0;0;0;0
;595492;24.04.2023 11:56;0:11:12;Колледж;595492;18;Жен;ОД-922;2,857142857;3,571428571;3,142857143;3,714285714;4;2,666666667;3,166666667;3,166666667;2,333333333;1,5;3,333333333;2;3;2,777777778;4,285714286;2,75;4;7;1;1;1;0;1;0;1;0;0;0;1;0;1;0;0;1;1;0;0;1;0;0;1
;595491;24.04.2023 11:56;0:12:01;Колледж;595491;17;Жен;ОД-922;3,428571429;3,714285714;2,857142857;2,571428571;3,333333333;3;3,333333333;3,166666667;4,333333333;3;3,333333333;2,5;2,333333333;2,555555556;4,142857143;3,375;4;10;1;0;1;0;1;0;1;0;0;0;1;1;1;1;0;1;1;0;1;1;0;1;1
;595489;24.04.2023 12:00;0:16:14;Колледж;595489;17;Жен;ОД-922;2,571428571;3,571428571;1,714285714;2,428571429;4,166666667;3,666666667;3,833333333;2,5;3,166666667;3;3;2,5;3;2,666666667;3,142857143;2,5;2;7;1;0;0;0;1;0;1;0;0;1;1;0;0;1;0;1;1;0;1;0;0;0;0
;595487;24.04.2023 11:57;0:12:40;Колледж;595487;17;Жен;ОД-922;3,857142857;4;3,714285714;3,857142857;3,166666667;1,833333333;2,666666667;3,833333333;3,833333333;1,5;2,333333333;2;3,666666667;2,555555556;4;3,625;3;6;1;1;0;1;1;0;1;0;0;0;1;0;1;0;0;1;0;0;0;1;0;0;0
;582583;17.04.2023 12:08;0:17:16;Колледж;582583;18;Муж;ПД2-921;3,857142857;4;3,142857143;2,285714286;3,833333333;3,5;3,5;2,5;3,333333333;3;3,333333333;2;3,666666667;3;3;2,25;2;7;1;1;0;0;1;0;1;1;0;0;1;0;0;1;0;0;0;0;1;0;1;0;0
;580793;15.04.2023 16:45;0:37:48;Колледж;580793;;Жен;;2,142857143;2,714285714;3,285714286;1,142857143;4,333333333;3,333333333;1,666666667;4,5;2,333333333;5;3,666666667;5;5;1,555555556;5;3;2;9;1;1;1;0;1;0;1;1;1;0;1;0;1;1;0;1;0;0;0;0;0;0;0
;580227;15.04.2023 3:12;0:15:53;Колледж;580227;20;Жен;ПК3-922;3,285714286;1,857142857;2,571428571;1,571428571;1,5;2,5;2,5;4,666666667;3,5;2,5;3,333333333;4,5;2,666666667;3;4;4,125;4;10;1;0;1;1;1;0;1;1;0;1;1;1;1;1;0;0;0;0;1;0;0;1;1
;580067;14.04.2023 21:25;0:35:14;Колледж;580067;19;Жен;ПД-122;3;4,714285714;2,142857143;2,285714286;3,333333333;4;2,833333333;4;2,833333333;2;2,666666667;3;3,666666667;1,777777778;3,857142857;3;1;7;1;0;1;0;1;0;1;0;0;0;1;0;0;1;0;0;0;0;0;0;0;1;1
;579324;14.04.2023 13:11;0:07:09;Колледж;579324;19;Муж;ПД-122;4,285714286;4,142857143;1,285714286;3;3,166666667;3;4,166666667;4;4,333333333;1,5;4;2;2,333333333;2;3,857142857;3,5;1;8;1;0;1;0;1;0;1;0;0;0;1;0;0;1;0;0;0;0;1;1;0;1;0
;579282;14.04.2023 13:00;0:15:48;Колледж;579282;18;Муж;ПД-122;3,142857143;3,285714286;2,428571429;3,142857143;3,166666667;2;3;4;4;3;3,333333333;3;4;2,333333333;3,142857143;2,125;1;7;1;1;0;0;1;0;1;1;0;0;0;0;0;1;0;1;0;0;1;0;0;0;0
;579280;14.04.2023 13:04;0:20:56;Колледж;579280;19;Жен;ПД-122 ;2,571428571;2,857142857;2,857142857;1,571428571;3;2,833333333;3;3,666666667;2,666666667;3;5;2,5;4,333333333;2,666666667;3,714285714;3,75;1;9;1;1;1;0;1;0;1;0;0;0;1;0;1;1;0;0;0;0;1;0;0;1;0
;579279;14.04.2023 13:15;0:32:47;Колледж;579279;;Муж;ПД-122;3;3,571428571;2,285714286;2;3,666666667;2,833333333;3,166666667;1,666666667;3,833333333;1,5;4,333333333;3;3,333333333;2,111111111;2;1;3;9;1;0;1;0;1;0;1;1;0;0;1;0;1;1;0;0;0;1;1;1;0;0;1
;579277;14.04.2023 12:55;0:12:49;Колледж;579277;19;Муж;ПД-122;2,714285714;2,428571429;2,428571429;2;4;3;3;2,833333333;4;3,5;3,333333333;4;5;1,444444444;3,142857143;2,5;1;7;1;0;1;0;1;0;0;0;0;0;1;0;1;1;0;0;0;0;0;0;0;1;1
;579276;14.04.2023 13:03;0:20:28;Колледж;579276;19;Жен;ПД-122;2,714285714;3,285714286;1,285714286;1,571428571;4,166666667;3,833333333;3,5;1,833333333;3,333333333;2,5;4,333333333;3;4,666666667;1,444444444;2,428571429;2,25;1;5;1;1;0;0;1;0;1;0;0;0;1;0;0;0;0;0;0;0;0;0;0;1;0
;579275;14.04.2023 13:02;0:19:58;Колледж;579275;19;Жен;ПД-122;3,714285714;2,142857143;1,857142857;2,857142857;1,5;2,333333333;2,833333333;4,5;4;3;5;3,5;5;1,444444444;3,714285714;3,625;0;5;1;0;0;0;1;0;1;1;0;0;1;0;0;0;0;0;0;0;0;0;0;0;0
;579274;14.04.2023 12:58;0:15:33;Колледж;579274;20;Жен;ПД-122;1,714285714;1;1;1;2,333333333;4,5;3,833333333;2,666666667;3,5;4,5;4,666666667;5;4,333333333;1,222222222;1,142857143;1,375;0;0;0;0;0;0;0;0;0;0;0;0;0;0;0;0;0;0;0;0;0;0;0;0;0
;579272;14.04.2023 12:53;0:10:33;Колледж;579272;19;Муж;;4,428571429;4,285714286;3,285714286;3,857142857;3,833333333;2,833333333;2,333333333;1,666666667;4,833333333;1,5;3,666666667;1;4,666666667;2,666666667;1,428571429;1,625;4;7;1;1;0;0;1;1;1;1;0;0;1;0;0;1;0;0;0;0;1;1;1;0;0
;579271;14.04.2023 13:01;0:18:53;Колледж;579271;19;Жен;ПД-122;2,857142857;2,142857143;2;2,428571429;2,5;3,666666667;3,5;4;3,166666667;3;3,333333333;4,5;2;2,444444444;3,285714286;3,625;4;7;1;1;1;1;1;0;1;1;0;0;1;0;1;0;0;0;0;0;0;1;0;0;1
;579270;14.04.2023 12:55;0:13:24;Колледж;579270;19;Жен;ПД-122;4,142857143;3,428571429;2;1,428571429;2,666666667;3,833333333;2;3,166666667;3,833333333;1,5;4,333333333;2,5;2,666666667;1,777777778;3,142857143;1,75;1;3;1;0;0;1;1;0;1;0;0;0;0;0;0;0;0;0;0;0;0;0;0;0;0
;579269;14.04.2023 12:56;0:14:36;Колледж;579269;19;Жен;ПД-122;3,714285714;4,428571429;2,714285714;2,857142857;4,666666667;4;3,833333333;1,833333333;3,5;3;4;1,5;4;2,777777778;2,857142857;2,875;4;9;1;1;1;0;1;0;1;0;0;1;1;1;1;1;0;0;0;0;1;0;0;1;1
;579266;14.04.2023 12:54;0:12:39;Колледж;579266;19;Муж;ПД-122;3,857142857;4,142857143;2;2,285714286;4,333333333;2;4,833333333;2;3,333333333;2;3,666666667;3;2;2,888888889;3,571428571;2,75;1;7;1;0;1;0;0;0;1;1;0;0;1;0;0;1;1;0;0;0;1;0;0;0;0
;579242;14.04.2023 12:32;0:12:02;Колледж;579242;17;Муж;ПК3-922;3,714285714;4,142857143;2,142857143;2,571428571;3,166666667;4,166666667;3,833333333;2,666666667;4;4,5;4;3,5;3;2,111111111;2,714285714;2,375;0;7;1;0;1;0;0;0;1;0;0;0;1;0;0;1;0;0;0;0;1;0;0;1;0
;579239;14.04.2023 12:34;0:14:30;Колледж;579239;16;Муж;ПК3-922;3,571428571;2;2,428571429;3;3,333333333;2,666666667;3;2;2,833333333;3,5;4;3,5;4;2,333333333;3,142857143;3;6;7;1;1;0;1;1;0;1;1;0;1;1;0;1;0;0;0;0;0;1;1;1;0;1
;579234;14.04.2023 12:36;0:18:20;Колледж;579234;17;Муж;ПК3-922;2,714285714;1,142857143;1,714285714;1,285714286;2,666666667;3,666666667;2,166666667;3;3,333333333;3,5;5;5;3,333333333;1,222222222;1,428571429;1,25;0;1;0;0;0;0;0;0;0;0;0;0;0;0;1;0;0;0;0;0;0;0;0;0;0
;579233;14.04.2023 12:29;0:11:06;Колледж;579233;17;Жен;ПК3-922;4,142857143;3,857142857;3,714285714;4,714285714;2;2,333333333;3,5;4,666666667;3,666666667;1;3,666666667;3;1,333333333;4,666666667;4,428571429;4;6;10;1;1;1;0;1;0;1;1;0;1;1;1;0;1;0;1;0;1;1;0;1;1;1
;579232;14.04.2023 12:35;0:17:28;Колледж;579232;17;Муж;ПК3-922;2,571428571;3,714285714;1,714285714;2,857142857;4,166666667;3,666666667;4,833333333;1;4;2;5;4;3,666666667;1,444444444;1,142857143;1,25;1;3;1;1;0;0;0;0;1;0;0;0;0;0;1;0;0;0;0;0;0;0;0;0;0
;579231;14.04.2023 12:35;0:17:57;Колледж;579231;18;Жен;ПК3-922;4;4,714285714;1,142857143;2,857142857;4,833333333;3,166666667;3,5;2,166666667;3,833333333;1;3,666666667;3;3,666666667;3,111111111;3,571428571;2,125;6;6;1;0;0;1;1;0;0;0;1;1;0;0;1;0;1;1;0;0;1;1;0;1;1
;579230;14.04.2023 12:32;0:14:31;Колледж;579230;17;Жен;ПК3-922;3,142857143;2,857142857;1,285714286;1,285714286;2,333333333;3;2,166666667;3;2,333333333;4,5;5;4;4;1,444444444;2,857142857;3,25;0;5;1;0;0;0;1;0;1;0;0;0;1;0;0;0;0;0;0;0;0;0;0;1;0
;579229;14.04.2023 12:25;0:08:05;Колледж;579229;17;Муж;ПК3-922;3;2,428571429;2,428571429;3,714285714;2,666666667;3,333333333;2,5;3,333333333;3;3;3;3;3;3;3;3;12;10;1;1;0;1;1;1;1;1;1;1;1;1;1;1;1;1;1;1;1;1;1;1;1
;579227;14.04.2023 12:40;0:23:26;Колледж;579227;17;Муж;ПК3-922;4,714285714;4,142857143;2,285714286;3,571428571;3,333333333;3;3,166666667;3,833333333;2,166666667;1;3,333333333;2,5;3,666666667;2,888888889;2,571428571;2,75;4;8;1;1;1;0;1;0;1;0;0;1;1;0;1;1;0;0;0;0;1;1;1;0;0
;579226;14.04.2023 12:26;0:10:25;Колледж;579226;17;Жен;ПК3-922;3,285714286;4;2;2,285714286;3,5;3;3;4,666666667;4;2;4;2,5;3,333333333;1,888888889;3,285714286;3,125;2;9;1;0;1;0;1;0;1;0;0;0;1;0;0;1;0;1;0;0;1;0;1;1;1
;579225;14.04.2023 12:33;0:17:15;Колледж;579225;17;Жен;ПК3-922;3,285714286;4;1,428571429;1,428571429;3,666666667;3,5;3,666666667;2,166666667;4;2;4;2,5;4;1,666666667;3;2,375;0;2;1;0;0;0;0;0;1;0;0;0;0;0;0;0;0;0;0;0;0;0;0;0;0
;579224;14.04.2023 12:31;0:14:53;Колледж;579224;17;Жен;ПК3-922;3,142857143;2;1,142857143;2,714285714;2,833333333;3,333333333;5;4,166666667;4,166666667;3;3,666666667;4,5;2,666666667;2;4,142857143;4,5;0;7;1;0;1;0;0;0;1;1;0;0;1;0;0;1;0;0;0;0;1;0;0;0;0
;579223;14.04.2023 12:31;0:14:38;Колледж;579223;18;Муж;ПК3-922;4,142857143;3,857142857;3,285714286;3,571428571;2,833333333;2,5;4,166666667;4,833333333;4,5;3,5;5;1,5;5;2,111111111;4;3,25;1;8;1;0;1;0;1;0;1;1;0;1;1;0;1;1;0;0;0;0;0;0;0;0;0
;579222;14.04.2023 12:29;0:12:39;Колледж;579222;19;Муж;ПК3-922;3,571428571;3,142857143;3,428571429;2,857142857;4;3;3,666666667;1,833333333;4;2;3;3,5;2,666666667;3,555555556;3,285714286;1,625;4;8;1;0;1;1;0;0;1;1;0;0;1;0;1;1;0;0;1;1;1;0;1;0;0
;579220;14.04.2023 12:29;0:13:30;Колледж;579220;17;Жен;ПК3-922;2,428571429;2,714285714;1,857142857;1,857142857;2;3,666666667;3,333333333;2,5;3,5;3,5;3,666666667;3;4,333333333;1,444444444;2;1,875;3;6;1;0;0;1;1;0;1;1;0;0;0;0;1;0;0;0;1;0;1;0;0;0;1
;579218;14.04.2023 12:32;0:16:28;Колледж;579218;17;Жен;ПК3-922;2,571428571;4,142857143;2,285714286;1,285714286;4,166666667;4;5;3;2,666666667;4,5;5;1,5;3,666666667;1,777777778;2,857142857;4,5;1;6;1;1;0;0;1;0;1;0;0;0;1;0;1;0;0;0;0;0;1;0;0;0;0
;579217;14.04.2023 12:40;0:24:33;Колледж;579217;18;Муж;ПК3-922;3,857142857;3,571428571;3,857142857;4,428571429;2,166666667;1,666666667;3,833333333;2,833333333;5;2,5;1;5;5;4,222222222;2,142857143;3;7;10;1;1;1;1;1;0;1;1;0;0;1;1;0;1;1;1;1;0;1;0;1;1;1
;579216;14.04.2023 12:41;0:25:43;Колледж;579216;17;Муж;ПК3-922;3,714285714;4,428571429;2,428571429;3,714285714;3,666666667;3,333333333;3,166666667;2,166666667;2,833333333;4;2,333333333;3;4;3,111111111;3,142857143;1,75;5;7;1;1;1;1;1;0;1;0;0;0;1;0;0;0;0;1;1;0;1;1;0;0;1
;579215;14.04.2023 12:29;0:14:06;Колледж;579215;17;Муж;ПК3-922;4,571428571;4,571428571;2,428571429;1,428571429;3,833333333;3,666666667;3,833333333;2,5;3,666666667;1,5;3,666666667;1,5;2,333333333;2,444444444;2,428571429;2,875;2;8;1;1;1;0;1;0;1;1;0;0;1;0;0;1;0;0;0;0;0;1;0;1;0
;579214;14.04.2023 12:52;0:36:21;Колледж;579214;19;Муж;ПК3-922;2,714285714;4,142857143;4,285714286;2,428571429;4,166666667;3,166666667;3;1,166666667;3,333333333;3;3;2,5;3,333333333;3,222222222;2,857142857;2;6;9;1;1;1;0;1;0;1;0;1;0;1;0;1;1;0;0;1;0;1;1;1;1;1
;579213;14.04.2023 12:33;0:17:58;Колледж;579213;18;Муж;ПК3-922;4,428571429;3,571428571;2,571428571;3,142857143;4,333333333;3,5;3,5;1,166666667;3,833333333;3,5;3,666666667;3;4,333333333;2,111111111;2,142857143;2,125;2;6;1;0;0;0;1;0;0;1;0;0;0;0;1;1;0;0;1;1;1;0;0;0;0
;579211;14.04.2023 12:34;0:18:55;Колледж;579211;17;Муж;ПК3-922;3,714285714;3,428571429;3,714285714;3,857142857;4,166666667;3,833333333;4,833333333;1,5;4;2;2,666666667;2,5;5;3;2,285714286;1,5;3;8;1;1;0;0;1;1;1;1;0;0;1;0;1;1;0;0;0;1;0;0;0;1;0
;579105;14.04.2023 11:51;0:14:12;Колледж;579105;19;Жен;ПД-122;2,142857143;4,571428571;1,285714286;1;5;3,333333333;5;1,5;4,666666667;5;5;1,5;5;1;1,285714286;1,75;0;1;1;0;0;0;0;0;0;0;0;0;0;0;0;0;0;0;0;0;0;0;0;0;0
;577990;13.04.2023 23:26;0:18:25;Колледж;577990;18;Муж;ПД2-921;4,285714286;3,285714286;3;3,571428571;1,166666667;2,666666667;1,5;3;3,166666667;1,5;4,333333333;3;3,333333333;2,333333333;2,142857143;3,375;1;8;1;1;1;0;1;0;1;0;0;0;1;0;1;0;0;0;0;0;1;0;0;1;0
;576720;13.04.2023 12:08;0:13:42;Колледж;576720;;Муж;ОК-921;4,428571429;2,714285714;3,714285714;4,857142857;3,333333333;2,333333333;2,5;4;2,333333333;1;1;4,5;3,666666667;4,111111111;4,714285714;2,75;7;10;1;1;1;1;1;1;1;1;0;1;1;0;1;1;0;1;1;1;1;0;1;0;0
;576528;13.04.2023 10:37;0:23:11;Колледж;576528;18;Жен;;2,428571429;3,428571429;2,857142857;2,571428571;2,833333333;3,166666667;2,833333333;2,833333333;4;3,5;3,333333333;3,5;4;2;3,428571429;2,625;2;6;1;0;0;0;0;0;1;1;0;0;0;0;1;1;0;0;0;0;1;0;1;0;1
;576031;12.04.2023 22:59;0:15:04;Колледж;576031;19;Жен;ПД2-921;3;2,714285714;1,714285714;2;2,833333333;3,833333333;4;3,166666667;3,333333333;4,5;4,333333333;4;3,333333333;1,444444444;3;2,75;0;9;1;0;1;0;1;0;1;1;0;0;1;0;1;1;0;0;0;0;1;0;0;0;0
;575989;12.04.2023 22:33;0:16:30;Колледж;575989;18;Жен;ПД2-921;3,142857143;3,571428571;1;1,428571429;3,833333333;4;5;1,666666667;4;4;5;4,5;4,333333333;1;1,571428571;1,25;0;1;0;0;0;0;0;0;1;0;0;0;0;0;0;0;0;0;0;0;0;0;0;0;0
;575985;12.04.2023 22:24;0:08:47;Колледж;575985;18;Муж;ПД2-921;3,142857143;3,142857143;1,571428571;1,857142857;2,5;2,5;3,833333333;2,833333333;3,166666667;3;3,333333333;3,5;3,666666667;2,777777778;2,571428571;2;1;6;1;1;1;0;1;0;1;0;0;0;0;0;0;1;0;0;0;0;1;0;0;0;0
;575907;12.04.2023 22:01;0:24:35;Колледж;575907;22;Жен;ПД2-921;2,857142857;3,428571429;3,571428571;4,142857143;2,166666667;3,5;2,666666667;3,666666667;2,833333333;2,5;4;3,5;4;2,888888889;3,142857143;4,5;2;9;1;1;1;0;1;0;1;1;0;0;1;0;1;1;0;0;0;0;0;1;0;1;0
;575887;12.04.2023 22:09;0:41:29;Колледж;575887;18;Муж;ПД2-921;4;2,857142857;1,857142857;3,142857143;3,333333333;2,833333333;1,833333333;3,833333333;3;1;2,666666667;3;3;1,444444444;3,428571429;1,75;2;7;1;0;1;0;1;0;1;0;0;0;1;0;1;1;0;0;0;0;0;1;0;0;1
;575730;12.04.2023 20:40;0:16:28;Колледж;575730;17;Жен;П-922;3;3,142857143;2,571428571;2,428571429;2,333333333;2,166666667;3,5;2;3,666666667;4;4,666666667;2;4,333333333;2;2;2,625;0;3;0;0;1;0;1;0;1;0;0;0;0;0;0;0;0;0;0;0;0;0;0;0;0
;575589;12.04.2023 19:35;0:13:36;Колледж;575589;18;Жен;П-922;2,857142857;4,142857143;4;4,285714286;2,833333333;1,833333333;1,333333333;3,5;3,166666667;1;2,666666667;2;2,666666667;3,888888889;4;4,375;5;8;1;1;1;0;1;0;1;1;0;0;1;1;0;1;0;1;1;0;0;1;0;0;1
;575496;12.04.2023 18:59;0:29:09;Колледж;575496;18;Жен;П-922;2,285714286;3,285714286;2;1,428571429;3,5;3,166666667;2,666666667;3,666666667;4,166666667;2;4,666666667;3,5;4;1,333333333;3,571428571;2,375;0;5;1;0;1;0;0;0;1;1;0;0;1;0;0;0;0;0;0;0;0;0;0;0;0
;575479;12.04.2023 18:40;0:20:30;Колледж;575479;18;Жен;ПД2-921;2,571428571;2,428571429;2;1,714285714;3;4;3,333333333;2,333333333;2,833333333;3,5;4,666666667;3;3,666666667;1,222222222;1,285714286;2,125;0;1;1;0;0;0;0;0;0;0;0;0;0;0;0;0;0;0;0;0;0;0;0;0;0
;575463;12.04.2023 18:28;0:20:01;Колледж;575463;22;Жен;ПД-121;4,428571429;4,142857143;3;3,571428571;3,166666667;2;2,5;3,666666667;3,833333333;1;4;1;2;3,444444444;3,428571429;2,5;5;9;1;1;1;1;1;0;0;0;0;0;1;1;1;1;0;1;0;0;1;1;0;1;1
;575461;12.04.2023 18:23;0:15:06;Колледж;575461;18;Жен;ПД2-921;3,285714286;3,428571429;1,285714286;1,571428571;3,833333333;5;5;1,666666667;3,833333333;5;4,333333333;5;1,666666667;1,555555556;1,714285714;2;0;1;0;0;0;0;0;0;0;0;0;0;1;0;0;0;0;0;0;0;0;0;0;0;0
;575444;12.04.2023 18:06;0:12:27;Колледж;575444;18;Жен;П-922;3,428571429;2,285714286;1,571428571;1;3,833333333;4,5;3,666666667;1;4,333333333;4,5;5;4;5;1,111111111;1,142857143;1,375;0;2;1;0;0;0;0;0;1;0;0;0;0;0;0;0;0;0;0;0;0;0;0;0;0
;575426;12.04.2023 17:54;0:13:37;Колледж;575426;22;Жен;ПД-121;2,857142857;2,285714286;2,285714286;3,428571429;2,166666667;3,166666667;2,5;2,666666667;3,166666667;2,5;4;4;5;2,222222222;3,857142857;2,875;1;7;1;1;1;0;0;0;1;1;0;0;1;0;1;1;0;0;0;0;0;0;0;0;0
;575349;12.04.2023 17:29;0:17:19;Колледж;575349;19;Муж;ПД2-921;3,857142857;4,142857143;1,714285714;3,285714286;3,833333333;2,166666667;2,666666667;3,5;3,833333333;1;4;2,5;3;1,444444444;2,571428571;2;0;6;1;0;0;0;0;0;1;1;0;0;1;0;1;0;0;0;0;0;0;0;0;1;0
;575322;12.04.2023 17:19;0:19:42;Колледж;575322;19;Жен;П-922;5;4,571428571;4,428571429;5;4;2,666666667;3,166666667;3;2,5;1;2,666666667;1;1;4,888888889;5;4,5;11;11;1;1;1;1;1;1;1;1;1;1;1;1;1;1;1;1;1;1;1;1;0;1;1
;575315;12.04.2023 17:31;0:34:38;Колледж;575315;18;Жен;ПД2-921;1,571428571;2,571428571;2,142857143;1,285714286;3,5;3,666666667;4,166666667;3,166666667;4,166666667;3,5;4,666666667;3,5;4;1,777777778;2,285714286;2,125;1;5;1;1;0;0;1;0;1;0;0;0;1;0;0;0;0;0;0;0;1;0;0;0;0
;575301;12.04.2023 17:58;1:09:29;Колледж;575301;18;Жен;П-922;3,142857143;3,285714286;1,714285714;1,142857143;3,333333333;3;3,166666667;3,333333333;4,5;5;3,666666667;2;4;1,444444444;3;3,5;2;6;1;1;1;0;1;0;1;0;0;0;1;0;0;1;0;0;0;0;0;0;0;0;1
;575297;12.04.2023 17:22;0:35:45;Колледж;575297;18;Жен;ПД2-921;3;3,285714286;1,857142857;1;3,166666667;4,666666667;4;1,666666667;3;3,5;4,666666667;4;4,666666667;1,555555556;1,857142857;2,625;0;6;1;0;0;0;1;0;1;0;0;0;1;0;0;1;0;0;0;0;1;0;0;0;0
;575293;12.04.2023 16:56;0:13:12;Колледж;575293;18;Муж;;4,285714286;3,285714286;3;2,857142857;3,333333333;2,333333333;3;1,333333333;3,833333333;4,5;3,666666667;4;4,333333333;2;1,571428571;2,5;5;6;1;1;0;1;1;0;1;0;0;0;1;0;1;1;0;0;0;0;0;1;1;0;1
;575283;12.04.2023 16:50;0:10:41;Колледж;575283;17;Муж;П-922;3;3,714285714;1,428571429;1,714285714;3,833333333;3,833333333;4,666666667;1,833333333;4,333333333;1,5;5;1,5;3,333333333;1,333333333;1,285714286;2,25;1;5;1;1;1;0;1;0;1;0;0;0;0;0;0;1;0;0;0;0;0;0;0;0;0
;575241;12.04.2023 16:47;0:20:16;Колледж;575241;21;Муж;ПД-121;3,571428571;2,571428571;3,571428571;3,428571429;3,166666667;3,166666667;2,333333333;2,333333333;3;4;2;3,5;2,666666667;2,777777778;3;3,125;2;5;1;0;1;0;0;0;1;0;0;0;0;0;0;1;0;0;0;0;1;0;1;0;1
;575229;12.04.2023 16:40;0:18:06;Колледж;575229;20;Жен;ПД-121;1,714285714;3,714285714;2;1;4,333333333;4,166666667;4,333333333;2,666666667;4,833333333;3;3,666666667;3;3;2,222222222;3,142857143;2;1;7;1;1;1;0;0;0;1;0;0;0;1;0;1;1;0;0;0;0;1;0;0;0;0
;575198;12.04.2023 16:39;0:23:08;Колледж;575198;18;Муж;ПД2-921;3,857142857;2,857142857;2,857142857;4,142857143;3,5;2,5;2,166666667;1,166666667;3,333333333;1;2;3;4,333333333;3,222222222;2,857142857;2,25;6;10;1;1;1;0;1;0;1;1;0;1;1;0;1;0;0;1;1;1;1;1;0;1;1
;575194;12.04.2023 16:26;0:13:14;Колледж;575194;17;Жен;;3,428571429;3,714285714;2,142857143;2,142857143;4,666666667;2,833333333;4,333333333;1,5;4;1,5;5;3;3,666666667;1,555555556;2,285714286;3,625;2;5;1;1;1;0;1;0;0;0;0;0;1;0;1;0;0;0;0;0;0;0;0;0;1
;575191;12.04.2023 16:30;0:18:33;Колледж;575191;19;Муж;ПД2-921;3,428571429;1,428571429;3,428571429;3,714285714;4,333333333;2,166666667;2;2;4;1;2,333333333;5;5;3,444444444;2,571428571;4;1;7;1;0;1;0;1;0;1;1;0;0;1;0;0;1;0;0;0;0;0;1;0;0;0
;575190;12.04.2023 16:33;0:21:56;Колледж;575190;18;Муж;П-922;3,571428571;2,571428571;2,142857143;2,571428571;2,833333333;3,166666667;2,666666667;3;3,666666667;1,5;3,666666667;3;3,333333333;3,111111111;3,142857143;3,5;4;10;1;0;1;1;1;1;0;1;0;0;1;0;1;1;0;1;1;0;1;1;0;1;0
;575180;12.04.2023 16:21;0:12:45;Колледж;575180;18;Муж;П-922;1,857142857;4,142857143;2,571428571;1,571428571;5;4,166666667;5;1,833333333;3,5;3;5;3,5;3;2,111111111;2,571428571;1,25;0;5;1;0;1;0;0;0;1;0;0;0;0;0;0;1;0;0;0;0;1;0;0;0;0
;575177;12.04.2023 16:31;0:23:34;Колледж;575177;19;Жен;П-922;2,285714286;2,428571429;2,428571429;1,428571429;3,833333333;2,5;3,666666667;2,166666667;3,333333333;4;5;4;4,333333333;1,666666667;1,571428571;2,5;0;3;1;0;0;0;1;0;0;1;0;0;0;0;0;0;0;0;0;0;0;0;0;0;0
;575150;12.04.2023 16:19;0:17:10;Колледж;575150;19;Муж;ПД2-921;3,428571429;3,571428571;2;1,428571429;4;3,166666667;3,666666667;2;3,166666667;3;4,333333333;2,5;3,666666667;2,444444444;2,857142857;2,75;3;8;1;1;1;0;1;0;1;1;1;0;1;0;1;1;0;0;1;0;0;0;0;0;0
;575148;12.04.2023 16:33;0:31:48;Колледж;575148;18;Муж;ПД2-921;2,714285714;2;2,714285714;3,428571429;3;3;3;4,666666667;3,5;3,5;5;4;5;3,444444444;4,285714286;2,375;1;10;1;1;1;0;1;0;1;0;0;0;1;0;1;1;0;1;0;0;1;0;0;1;0
;575146;12.04.2023 16:20;0:19:17;Колледж;575146;18;Муж;ПД2-921;3,571428571;2,428571429;1,571428571;1,571428571;2,666666667;2,833333333;3,666666667;3,166666667;3,666666667;3,5;3,666666667;3,5;3,333333333;1,555555556;2,142857143;2,25;0;4;1;0;1;0;1;0;0;0;0;0;0;0;1;0;0;0;0;0;0;0;0;0;0
;575139;12.04.2023 16:16;0:17:33;Колледж;575139;18;Муж;ПД2-921;2,857142857;3;1,857142857;2,285714286;3;3,666666667;3,666666667;2,5;3,833333333;3;4,333333333;2,5;3,333333333;1,888888889;2,142857143;2,625;0;2;0;0;0;0;1;0;0;0;0;0;0;0;0;0;0;0;0;0;1;0;0;0;0
;575118;12.04.2023 16:00;0:07:59;Колледж;575118;;Жен;;3,285714286;4,285714286;3,714285714;4,571428571;3,166666667;1,166666667;3,166666667;1,5;3,833333333;2,5;2,666666667;3;3,666666667;3,555555556;1,428571429;2,5;3;8;1;1;1;0;1;0;1;0;0;1;0;0;1;1;0;0;0;0;1;0;1;1;0
;575116;12.04.2023 16:08;0:16:01;Колледж;575116;17;Жен;П-922;2,428571429;4,142857143;2,714285714;1,857142857;4,666666667;2,833333333;4;3,666666667;4,5;2,5;3,333333333;2,5;4;2,777777778;3,714285714;3;2;7;1;1;1;0;1;0;1;0;0;0;1;0;0;0;0;0;0;0;1;0;0;1;1
;575106;12.04.2023 15:59;0:09:59;Колледж;575106;18;Жен;ПД2-921;3,142857143;2,285714286;3,428571429;3,142857143;2,333333333;2,833333333;2,5;4,333333333;3,166666667;3,5;5;3,5;2,666666667;2,555555556;3,571428571;4,125;5;11;1;1;1;0;1;1;1;1;0;0;1;1;1;1;0;1;1;0;1;1;0;1;0
;575104;12.04.2023 16:03;0:14:59;Колледж;575104;17;Жен;П-922;3,142857143;3,285714286;3,428571429;3,142857143;3,5;2,166666667;2,166666667;3,166666667;4,166666667;3;3;3,5;5;2,333333333;3,857142857;2,875;2;7;1;1;1;0;0;0;1;0;0;0;1;0;1;1;0;1;0;0;0;0;1;0;0
;575092;12.04.2023 16:08;0:24:12;Колледж;575092;19;Жен;ПД2-921;3,571428571;3,714285714;2,714285714;3;3,5;3,166666667;4,333333333;2,166666667;3,5;3,5;5;4,5;2,666666667;2,222222222;1,571428571;3;1;5;1;1;0;0;0;0;1;0;0;0;0;0;0;1;0;0;0;0;1;0;0;1;0
;575086;12.04.2023 15:56;0:14:33;Колледж;575086;18;Муж;ПД2-921;3,428571429;3,428571429;2,857142857;2,571428571;3,833333333;2,333333333;5;3,333333333;5;1;5;3;3,666666667;2,666666667;3,714285714;3;2;8;1;1;1;0;1;0;1;0;0;0;1;0;0;1;0;0;0;0;1;0;0;1;1
;575085;12.04.2023 15:57;0:16:04;Колледж;575085;23;Муж;ПД-121;3,571428571;3;1,571428571;1,285714286;3,333333333;4;3,5;3;3;3,5;5;3,5;4;1;1,714285714;2,125;0;3;1;0;1;0;0;0;1;0;0;0;0;0;0;0;0;0;0;0;0;0;0;0;0
;575077;12.04.2023 15:56;0:16:53;Колледж;575077;22;Муж;ПД-121;2,714285714;2,428571429;1,714285714;1,142857143;2,833333333;3,833333333;2,833333333;3,833333333;2;3,5;4,666666667;3,5;3,333333333;1,555555556;1,428571429;2;0;3;1;0;0;0;0;0;1;0;0;0;0;0;0;1;0;0;0;0;0;0;0;0;0
;575075;12.04.2023 15:57;0:17:47;Колледж;575075;18;Жен;П-922;2,857142857;3,142857143;2,285714286;2,571428571;3;3,5;2,333333333;1,833333333;3,833333333;2;4,333333333;3;2,333333333;2,666666667;2,142857143;3,125;0;2;1;0;0;0;0;0;0;0;0;0;0;0;0;0;0;1;0;0;0;0;0;0;0
;575071;12.04.2023 15:50;0:10:58;Колледж;575071;18;Муж;П-922;2,142857143;3,142857143;2,714285714;2;2,833333333;2,833333333;2,5;4,666666667;4,666666667;4,5;4;2,5;3;1,555555556;4,142857143;3,625;0;8;1;0;1;0;1;0;1;1;0;0;1;0;1;1;0;0;0;0;0;0;0;0;0
;575065;12.04.2023 15:56;0:18:25;Колледж;575065;18;Жен;ПД2-921;2,285714286;2,857142857;1,714285714;2;4;3,5;3,333333333;2,666666667;3;1,5;4,666666667;3,5;4;1,666666667;1,857142857;1,75;0;6;1;0;1;0;1;0;1;0;0;0;1;0;1;0;0;0;0;0;0;0;0;0;0
;575059;12.04.2023 15:48;0:11:48;Колледж;575059;19;Жен;ПД2-921;3,857142857;3,142857143;1,571428571;1,857142857;2;3,166666667;3,666666667;3,666666667;3,833333333;1,5;5;2,5;1,666666667;1,666666667;3,571428571;2,875;1;9;1;0;1;0;1;0;1;1;0;0;1;0;1;1;0;0;0;0;0;0;0;1;1
;575058;12.04.2023 15:45;0:08:26;Колледж;575058;17;Жен;П-922;4,285714286;3,857142857;2,428571429;2,857142857;5;3;2,833333333;3,333333333;2,833333333;2;3,666666667;3;1,333333333;1;4,285714286;3;1;4;1;1;0;0;1;0;1;0;0;0;1;0;0;0;0;0;0;0;0;0;0;0;0
;575055;12.04.2023 15:47;0:11:18;Колледж;575055;17;Муж;П-922;3,285714286;3,142857143;1,857142857;1,428571429;2,666666667;3;3,333333333;3;2,666666667;3;4,333333333;3,5;4,333333333;2,333333333;3;3;1;7;1;0;1;1;0;0;1;0;0;0;1;0;1;1;0;0;0;0;1;0;0;0;0
;575052;12.04.2023 15:46;0:11:21;Колледж;575052;18;Жен;П-922;3,571428571;2,857142857;1,428571429;1,285714286;3,5;4,5;4,5;1,666666667;4,333333333;2,5;5;4,5;5;1;1,857142857;2,375;0;3;1;0;0;0;1;0;0;0;0;0;1;0;0;0;0;0;0;0;0;0;0;0;0
;575051;12.04.2023 15:53;0:18:54;Колледж;575051;22;Муж;ПД-121;3,857142857;2,428571429;2,428571429;1,285714286;3,333333333;2,666666667;3;3,833333333;4,166666667;3;5;5;4,666666667;2,888888889;2,714285714;1;0;5;1;0;1;0;0;0;1;0;0;0;0;0;0;1;0;0;0;0;1;0;0;0;0
;575037;12.04.2023 15:54;0:23:12;Колледж;575037;21;Жен;ПД-121;1,857142857;3,142857143;1,285714286;1,285714286;4,5;3,833333333;3,666666667;2,833333333;3,5;1;5;3;5;2;1,142857143;1;1;2;1;1;0;0;1;0;0;0;0;0;0;0;0;0;0;0;0;0;0;0;0;0;0
;575018;12.04.2023 15:31;0:08:49;Колледж;575018;20;Жен;ПД-121;4,571428571;3,571428571;2,571428571;2,285714286;4;1,5;2,666666667;2,833333333;4,166666667;3;3;3;3;3,555555556;3,285714286;4;1;7;1;1;1;0;1;0;1;0;0;0;1;0;0;0;0;1;0;0;1;0;0;0;0
;575014;12.04.2023 15:31;0:10:23;Колледж;575014;20;Жен;ПД-121;3,285714286;4,285714286;2,571428571;1,857142857;4;3;3,5;2;4,166666667;2;3,666666667;2,5;3,333333333;1,666666667;3,571428571;2,375;1;6;1;0;0;0;1;0;1;0;0;0;1;0;1;0;0;0;0;0;0;0;0;1;1
;574974;12.04.2023 15:23;0:14:40;Колледж;574974;20;Жен;ПД-121 ;2,428571429;2,428571429;1,714285714;1,142857143;3;3,666666667;4;4;3,166666667;3;3,666666667;3,5;4,333333333;2,555555556;3,571428571;3,25;2;8;1;1;1;0;1;0;1;1;0;0;1;1;0;0;0;0;0;0;1;0;0;1;0
;574973;12.04.2023 15:27;0:19:01;Колледж;574973;21;Жен;ПД-121;3,714285714;3,428571429;3,428571429;2,571428571;2;2,333333333;3;4,166666667;2,666666667;2;3,666666667;3,5;3,666666667;2,555555556;3,857142857;3,125;5;7;1;1;1;0;1;0;1;1;1;1;0;0;1;0;0;0;1;0;1;0;0;0;1
;574963;12.04.2023 15:26;0:19:10;Колледж;574963;19;Жен;ПД-121;3,428571429;3,428571429;2,142857143;2,142857143;4,166666667;4,166666667;4,166666667;2,333333333;4;3,5;4,666666667;3;3,666666667;1,777777778;1,857142857;2,5;0;3;1;0;1;0;0;0;0;0;0;0;0;0;0;1;0;0;0;0;0;0;0;0;0
;574961;12.04.2023 15:35;0:27:32;Колледж;574961;22;Жен;ПД-121;2,857142857;3,428571429;1,428571429;1;2;4,166666667;3,5;2,333333333;4,166666667;3;5;3;4;1,777777778;2,857142857;2,75;0;4;1;0;1;0;0;0;0;0;0;0;1;0;0;1;0;0;0;0;0;0;0;0;0
;574959;12.04.2023 15:21;0:13:59;Колледж;574959;;Муж;ПД-121;3,285714286;2,428571429;2,428571429;2;3,666666667;3,5;3;1,5;3,833333333;3;3,333333333;4;4,666666667;1,888888889;1,571428571;1,375;3;4;1;1;1;0;0;0;0;0;0;0;0;0;0;1;0;0;0;0;1;1;0;0;1
;565946;04.04.2023 12:43;0:18:06;Колледж;565946;18;Муж;ПК2-922;3,428571429;4,285714286;2,857142857;2,714285714;3,666666667;3,166666667;3,333333333;2;4,333333333;2,5;4;2,5;4,666666667;2,222222222;3,428571429;3,5;3;9;1;0;1;1;1;0;1;0;0;0;1;1;1;0;0;1;0;0;1;0;0;1;1
;565921;04.04.2023 12:34;0:34:06;Колледж;565921;18;Жен;ПК2-922;3;2;2,142857143;2,285714286;3,833333333;3,333333333;2,833333333;4,166666667;4,166666667;2;2,666666667;3;4,333333333;2,666666667;3,285714286;3,625;2;10;1;0;1;1;1;0;1;1;0;0;1;0;1;1;0;1;0;1;0;0;0;1;0
;565920;04.04.2023 12:49;0:48:34;Колледж;565920;18;Жен;ПК2-922;3,142857143;3,428571429;1,571428571;2,714285714;2,333333333;3,166666667;3,166666667;3;3,333333333;1,5;1,666666667;3;2,666666667;3;2,571428571;3;10;6;1;0;0;1;1;1;0;1;0;1;0;1;1;1;1;0;1;1;1;1;1;0;1
;565917;04.04.2023 12:25;0:25:37;Колледж;565917;17;Муж;ПК2-922;2,714285714;4;1,714285714;1;4;4;3,833333333;2,666666667;4,666666667;3,5;5;3,5;2,666666667;1,111111111;1,857142857;2,5;0;6;1;0;1;0;1;0;1;0;0;0;1;0;1;0;0;0;0;0;0;0;0;0;0
;565916;04.04.2023 12:18;0:19:36;Колледж;565916;17;Жен;ПК2-922;2,857142857;4;1,857142857;1,714285714;4,5;4;3,666666667;2,833333333;3,666666667;4;5;2;3;1,111111111;2,285714286;1,75;0;2;1;0;0;0;1;0;0;0;0;0;0;0;0;0;0;0;0;0;0;0;0;0;0
;565914;04.04.2023 12:23;0:24:50;Колледж;565914;17;Жен;ПК2-922;3,428571429;2;1,857142857;2,285714286;2,166666667;2,833333333;2,833333333;2,833333333;3,5;5;3;4;4;2,555555556;3,857142857;2,625;5;10;1;0;1;1;1;0;1;1;0;0;1;1;1;0;0;1;0;1;1;1;0;1;1
;565910;04.04.2023 12:24;0:26:21;Колледж;565910;17;Муж;ПК2-922;2,285714286;3,857142857;1,571428571;1,857142857;4,5;4,333333333;3,5;1,166666667;3,166666667;1,5;4;2,5;4,333333333;2,111111111;1,142857143;1,5;0;5;1;0;0;0;0;0;0;0;0;0;1;0;1;1;0;0;0;0;1;0;0;0;0
;565909;04.04.2023 12:26;0:28:22;Колледж;565909;17;Жен;ПК2-922;3,142857143;2,571428571;2,142857143;1,571428571;3;3,666666667;2,666666667;4;3,333333333;2,5;3,666666667;3,5;3,333333333;1,555555556;1,571428571;1,875;0;5;0;0;1;0;0;0;1;1;0;0;1;0;0;1;0;0;0;0;0;0;0;0;0
;565906;04.04.2023 12:21;0:23:44;Колледж;565906;17;Жен;ПК2-922;3,571428571;3,571428571;4,142857143;3,714285714;3,833333333;1,666666667;2,166666667;2,333333333;2,5;1;1;1,5;2;3,222222222;4;3;7;9;1;0;1;1;1;1;1;1;0;1;1;0;1;0;1;1;1;1;1;0;0;0;1
;565905;04.04.2023 12:36;0:39:24;Колледж;565905;17;Жен;ПК2-922;3,142857143;3,285714286;1,571428571;1,857142857;3,333333333;2,833333333;3,166666667;2,333333333;4;3,5;3,666666667;4;4;2;2,428571429;3;3;6;0;0;1;0;1;0;1;1;1;1;1;0;0;1;0;0;0;1;0;0;0;0;0
;565904;04.04.2023 12:20;0:22:34;Колледж;565904;17;Жен;ПК2-922;3,857142857;1,857142857;2,714285714;4,142857143;2,5;3;2,333333333;3,333333333;2,833333333;2;3;2,5;3;3,777777778;3,571428571;3,25;8;10;1;1;0;1;1;0;1;1;1;1;1;1;1;1;0;1;1;0;1;1;1;1;0
;565903;04.04.2023 12:24;0:26:54;Колледж;565903;17;Жен;ПК2-922;3,285714286;4,142857143;1,571428571;3,428571429;3,166666667;2,5;4,5;3,166666667;3,5;4;3,666666667;3;3,666666667;3,111111111;3,428571429;2,625;3;9;1;1;1;0;1;0;1;1;1;0;1;0;1;1;0;0;0;0;1;0;1;0;0
;565902;04.04.2023 12:20;0:23:33;Колледж;565902;18;Жен;ПК2-922;3,571428571;4;3,571428571;3,428571429;3,666666667;2,666666667;3,833333333;2;2,666666667;1;1,666666667;3;2;3;3,285714286;3,5;3;7;1;1;1;0;1;0;1;0;0;0;1;0;1;0;1;0;0;1;1;0;0;0;0
;565901;04.04.2023 12:21;0:25:02;Колледж;565901;17;Жен;ПК2-922;2,142857143;2,428571429;1,714285714;1,857142857;2,833333333;3,333333333;2,833333333;2,333333333;2,666666667;1,5;5;2;4,666666667;1,444444444;1,714285714;3;0;6;1;0;0;0;1;0;1;0;0;0;1;0;0;1;0;0;0;0;1;0;0;0;0
;565900;04.04.2023 12:28;0:31:09;Колледж;565900;18;Жен;;2,428571429;3,714285714;2,428571429;2,857142857;3,333333333;2,833333333;3,666666667;4;3;3;4,333333333;3;3;2,111111111;3,428571429;3,25;1;5;1;0;0;0;1;0;0;0;0;0;1;1;1;0;0;1;0;0;0;0;0;0;0
;565899;04.04.2023 12:21;0:24:30;Колледж;565899;18;Муж;ПК2-922;4;3,285714286;2,142857143;4,285714286;4,166666667;2,5;3,833333333;2;3,666666667;3;5;3,5;3;3,222222222;2,142857143;2,625;1;10;1;0;1;0;1;0;1;1;0;1;1;0;1;1;0;0;0;0;1;0;0;1;0
;565898;04.04.2023 12:21;0:24:41;Колледж;565898;19;Жен;ПК2-922;2,285714286;2;2,857142857;1,428571429;3;3,5;3,666666667;2,166666667;4,166666667;4;5;4;5;1,333333333;2,571428571;1,75;0;4;1;0;1;0;0;0;1;0;0;0;0;0;0;1;0;0;0;0;0;0;0;0;0
;565897;04.04.2023 12:14;0:17:43;Колледж;565897;17;Жен;ПК2-922;2,428571429;4,142857143;2,571428571;1,142857143;4,5;4,833333333;3;4,333333333;4;3,5;5;3;3,666666667;1,888888889;4,142857143;3,625;0;3;1;0;0;0;0;0;1;1;0;0;0;0;0;0;0;0;0;0;0;0;0;0;0
;565895;04.04.2023 12:23;0:26:52;Колледж;565895;17;Муж;ПК2-922;3,857142857;3,285714286;1,285714286;2,142857143;4,166666667;3,666666667;3,833333333;1,5;3;3;3,333333333;3;2;2,111111111;1,285714286;1,5;0;2;1;0;0;0;0;0;0;0;0;0;0;0;0;0;0;0;0;0;1;0;0;0;0
;565894;04.04.2023 12:25;0:28:53;Колледж;565894;17;Жен;ПК2-922;2,142857143;1,571428571;1,714285714;1,142857143;3,166666667;4,333333333;3,666666667;3,833333333;3,833333333;4,5;5;4;3,333333333;1,777777778;2,714285714;3,25;1;6;1;0;1;1;1;0;1;1;0;0;1;0;0;0;0;0;0;0;0;0;0;0;0
;565893;04.04.2023 12:12;0:16:38;Колледж;565893;18;Муж;ПК2-922;3,285714286;4,142857143;3,571428571;4,142857143;2,833333333;2,166666667;3;3,166666667;2,5;2,5;3;2;3,666666667;3;2,714285714;3,125;9;11;1;1;1;1;1;1;1;1;1;0;1;0;1;1;1;1;1;1;1;1;1;1;0
;568342;07.04.2023 17:50;0:38:40;ВУЗ;568342;21;Жен;Филологический;3,714285714;3,571428571;1,857142857;2,714285714;3;3,666666667;2,833333333;2,5;4;;;;;2;2,857142857;2,375;0;5;0;0;1;0;0;0;1;1;0;0;1;0;0;0;0;0;0;0;1;0;0;0;0
;568341;07.04.2023 17:35;0:24:37;ВУЗ;568341;20;Жен;Экономический;4,142857143;3,571428571;2;2;3,666666667;4,5;3,333333333;3,166666667;3,166666667;;;;;1;4;2,625;0;7;1;0;1;0;2;0;2;0;0;0;1;0;0;0;0;0;0;0;0;0;0;0;0
;568340;07.04.2023 17:48;0:37:30;ВУЗ;568340;20;Муж;Биологический ;3,571428571;2,428571429;1,857142857;2;2,5;2,666666667;2,666666667;2,166666667;3,5;;;;;2,444444444;2,714285714;3,625;4;10;1;0;1;1;1;0;1;1;0;0;1;1;1;1;0;0;1;0;1;0;0;1;1
;568339;07.04.2023 17:34;0:24:15;ВУЗ;568339;20;Жен;Филологический;3,571428571;3,857142857;3,571428571;3,428571429;4;2,5;2,5;1,833333333;4,833333333;;;;;2,333333333;2,857142857;1,5;4;10;1;1;1;0;1;0;1;0;0;1;1;0;1;1;0;0;1;0;2;1;0;1;0
;568334;07.04.2023 17:43;0:34:54;ВУЗ;568334;23;Жен;Физический;3,285714286;4,142857143;1,857142857;2,285714286;2,333333333;2,833333333;4;3;4,666666667;;;;;1,444444444;4;2,25;4;10;1;1;1;0;2;0;1;1;0;0;2;0;1;0;0;0;1;0;0;1;0;1;1
;568331;07.04.2023 17:43;0:36:20;ВУЗ;568331;20;Жен;Юридический;3,571428571;3,142857143;1,571428571;2;4,5;3;4,333333333;4,5;4,666666667;;;;;1,666666667;3,142857143;1,75;1;7;1;1;1;0;1;0;1;0;0;0;1;0;1;0;0;0;0;0;0;0;0;1;0
;568328;07.04.2023 17:51;0:45:25;ВУЗ;568328;21;Муж;Современных иностранных языков и литератур;4,142857143;4;2,714285714;2,714285714;3,666666667;3,166666667;3;2,333333333;3,833333333;;;;;2,888888889;3,142857143;3,25;12;11;0;1;1;1;2;2;1;1;1;1;1;2;1;1;0;1;1;1;1;0;1;1;1
;568325;07.04.2023 17:37;0:31:52;ВУЗ;568325;25;Жен;Юридический;4;3,285714286;3,285714286;2,714285714;3,666666667;2,833333333;2,333333333;4,5;4,166666667;;;;;2,555555556;4;4;5;12;1;1;1;0;1;0;2;1;0;0;1;0;1;1;0;1;1;1;1;0;1;1;1
;568324;07.04.2023 17:28;0:22:18;ВУЗ;568324;20;Жен;Экономический;3;1,857142857;1,285714286;2;2,666666667;3;4;2,5;4;;;;;1,222222222;2,285714286;1,875;0;5;1;0;0;0;1;0;0;0;0;0;1;0;1;0;0;0;0;0;0;0;0;1;0
;568323;07.04.2023 17:34;0:28:44;ВУЗ;568323;21;Жен;Юридический;3,428571429;2,285714286;1,571428571;2;2,5;3,666666667;1,666666667;4,333333333;3,166666667;;;;;1,444444444;3,571428571;2,625;2;10;1;1;1;0;1;0;1;1;0;0;2;0;1;1;0;0;0;0;0;0;0;1;1
;568209;07.04.2023 16:54;0:37:31;ВУЗ;568209;20;Жен;Географический;2,714285714;2,857142857;1,857142857;1,285714286;3;3,333333333;2,333333333;4,333333333;3,333333333;;;;;1,111111111;3,714285714;2,5;0;6;1;0;0;0;2;0;1;0;0;0;1;0;1;0;0;0;0;0;0;0;0;0;0
;568206;07.04.2023 18:27;2:10:16;ВУЗ;568206;20;Жен;Экономический;3,714285714;4,285714286;2,714285714;1,714285714;1,833333333;3,833333333;3,333333333;3;3,333333333;;;;;1,444444444;3;3;4;10;2;1;1;0;2;0;1;0;0;0;1;0;1;2;0;0;0;1;0;1;0;0;1
;568205;07.04.2023 16:50;0:33:21;ВУЗ;568205;20;Жен;Современных иностранных языков и литератур;3,142857143;3,142857143;1,571428571;2;4,666666667;3,166666667;4,333333333;1,166666667;4,5;;;;;1,555555556;2,714285714;2,375;2;5;1;1;1;0;0;0;0;0;0;0;0;0;1;2;0;0;0;0;0;1;0;0;0
;568204;07.04.2023 16:39;0:22:47;ВУЗ;568204;20;Жен;Историко-политологический;2,285714286;3,857142857;3,571428571;3,714285714;3,5;2,333333333;2,5;2,833333333;4,166666667;;;;;1,888888889;3,714285714;2,25;5;13;2;1;1;0;2;1;1;1;0;0;2;0;1;2;0;1;1;0;0;1;0;0;1
;568203;07.04.2023 16:47;0:31:00;ВУЗ;568203;20;Муж;Философско-социологический;3,571428571;2,857142857;2,428571429;1,285714286;2,666666667;3,166666667;3;2,5;4,166666667;;;;;2,555555556;1,714285714;2,375;1;9;1;0;1;0;1;0;2;1;0;0;0;0;0;1;0;0;0;0;1;1;0;1;0
;568202;07.04.2023 16:42;0:26:27;ВУЗ;568202;21;Жен;Юридический;4,571428571;4,857142857;2,714285714;2,857142857;3;2,333333333;3,166666667;2,5;3,333333333;;;;;1,777777778;1,714285714;2,375;6;4;1;2;0;0;1;0;1;0;0;1;1;0;0;0;0;0;1;0;0;2;0;0;0
;568201;07.04.2023 16:45;0:29:09;ВУЗ;568201;21;Жен;Экономический;3,142857143;3,428571429;2;1,714285714;3,5;4,166666667;3,5;4;4,5;;;;;1,444444444;2,714285714;1,875;3;7;1;0;1;0;1;0;1;0;0;0;1;0;0;1;0;0;0;1;0;1;0;1;1
;568199;07.04.2023 16:36;0:21:12;ВУЗ;568199;22;Жен;Географический;4,285714286;4,571428571;2,714285714;3;5;2;4,666666667;2;5;;;;;1,666666667;3,428571429;2,125;2;10;2;0;0;0;2;0;2;0;0;0;2;0;0;2;0;0;0;0;0;0;0;0;2
;567720;06.04.2023 19:23;0:22:12;ВУЗ;567720;20;Жен;Экономический;2,571428571;2,857142857;1,571428571;1,428571429;2,166666667;5;3,166666667;4,333333333;4,666666667;;;;;1;2,142857143;3,25;0;6;1;0;0;0;1;0;1;0;0;0;0;0;2;1;0;0;0;0;0;0;0;0;0
;567289;05.04.2023 20:54;0:31:06;ВУЗ;567289;21;Жен;Филологический;3;2,857142857;1,428571429;2,428571429;3;3,833333333;4,5;2,5;2,166666667;;;;;1,444444444;2,142857143;2,625;1;5;1;0;1;1;1;0;1;0;0;0;1;0;0;0;0;0;0;0;0;0;0;0;0
;567162;05.04.2023 21:50;5:41:16;ВУЗ;567162;20;Жен;Географический;4,571428571;2,857142857;2,285714286;2,428571429;3,166666667;2,333333333;3,666666667;3,5;3,333333333;;;;;1;4,285714286;4,75;1;9;1;1;1;0;1;0;2;0;0;0;1;0;1;1;0;1;0;0;0;0;0;0;0
;566973;05.04.2023 14:05;0:25:51;ВУЗ;566973;20;Жен;Философско-социологический;3;3,142857143;2;2;3,333333333;3,833333333;3,166666667;2,5;3,833333333;;;;;1;3;2,125;0;7;1;0;0;0;2;0;1;0;0;0;1;0;1;1;0;0;0;0;0;0;0;0;0
;566644;05.04.2023 11:13;0:47:10;ВУЗ;566644;20;Жен;Юридический;3,857142857;2;1,571428571;1,428571429;2,333333333;4,333333333;2;4,333333333;3;;;;;2,111111111;4,142857143;2,625;0;8;1;0;1;0;1;0;1;1;0;0;1;0;0;1;0;0;0;0;0;0;0;1;0
;566627;05.04.2023 10:58;0:52:55;ВУЗ;566627;22;Жен;Философско-социологический;3,428571429;2,714285714;2,142857143;1,571428571;2,333333333;3;2,666666667;4,166666667;2,833333333;;;;;1,777777778;3,571428571;1,875;3;12;2;1;1;0;2;0;1;0;0;0;2;0;2;1;0;1;0;1;0;0;0;0;1
;566623;05.04.2023 10:22;0:28:03;ВУЗ;566623;20;Жен;Экономический;2,285714286;3,571428571;1,857142857;1;3,666666667;4,166666667;3,166666667;2,333333333;3,833333333;;;;;1,333333333;2,285714286;1,375;0;2;1;0;0;0;1;0;0;0;0;0;0;0;0;0;0;0;0;0;0;0;0;0;0
;566470;05.04.2023 3:05;0:26:41;ВУЗ;566470;23;Муж;Филологический;4,285714286;3,428571429;2,285714286;2,428571429;3,166666667;4,5;4;2,333333333;4,833333333;;;;;2;1,714285714;2,25;0;4;0;0;0;0;1;0;0;0;0;0;0;0;1;0;0;0;0;0;2;0;0;0;0
;566424;04.04.2023 23:19;0:22:23;ВУЗ;566424;22;Жен;Географический;3,142857143;4;1,571428571;1,428571429;4,333333333;4,5;3,666666667;2,166666667;5;;;;;1,555555556;2;2;0;9;1;0;1;0;1;0;1;1;0;0;1;0;1;2;0;0;0;0;0;0;0;0;0
;566374;04.04.2023 22:01;0:44:41;ВУЗ;566374;29;Муж;Юридический;4,428571429;2,857142857;2,428571429;2,285714286;2,333333333;2,666666667;2;4,166666667;2,5;;;;;3,111111111;4,714285714;3,375;3;14;2;2;2;0;2;0;2;1;0;0;2;0;1;1;0;1;0;0;0;0;0;0;1
;566318;04.04.2023 20:28;0:28:25;ВУЗ;566318;21;Жен;Механико-математический;3,428571429;2,428571429;1,571428571;2,285714286;2,333333333;2,666666667;3,5;3,666666667;4,166666667;;;;;2,111111111;3,142857143;2,75;1;5;1;1;1;0;1;0;1;0;0;0;1;0;0;0;0;0;0;0;0;0;0;0;0
;566308;04.04.2023 20:20;0:30:19;ВУЗ;566308;22;Муж;Философско-социологический;3,571428571;3,857142857;3,428571429;1,857142857;2,333333333;3,666666667;3,166666667;4,5;3,833333333;;;;;2,777777778;4,428571429;4,75;2;13;2;1;2;0;2;0;2;1;0;0;2;0;1;0;0;0;0;0;1;0;0;0;1
;566288;04.04.2023 19:48;0:29:38;ВУЗ;566288;21;Жен;Историко-политологический;3,428571429;3,285714286;2,714285714;2,285714286;3,666666667;2,5;4,166666667;2,333333333;3,666666667;;;;;1,555555556;3,285714286;1,375;2;5;1;1;0;0;1;0;1;0;0;0;1;0;1;0;0;0;0;0;0;0;0;0;1
;566284;04.04.2023 20:16;1:06:23;ВУЗ;566284;22;Муж;Юридический;3,428571429;4,142857143;2;2,428571429;4,666666667;3,333333333;3,666666667;2,166666667;3,833333333;;;;;1,555555556;2;1,25;2;6;1;1;1;0;0;0;1;0;0;0;1;0;1;0;0;0;0;0;1;0;0;0;1
;566283;04.04.2023 19:34;0:25:29;ВУЗ;566283;18;Жен;Юридический;2,428571429;3,714285714;1,857142857;1,714285714;3,833333333;3,333333333;3,5;3,5;3,833333333;;;;;1,777777778;3,428571429;2,75;4;9;1;0;1;0;1;0;1;0;0;0;1;1;1;1;0;0;1;0;1;1;0;1;1
;566276;04.04.2023 19:15;0:19:49;ВУЗ;566276;18;Жен;Механико-математический;3,571428571;4,142857143;2,714285714;1,714285714;3,5;3,5;3,666666667;2,833333333;3,333333333;;;;;1;2,285714286;1,75;2;7;1;1;1;0;2;0;1;0;0;0;1;0;1;0;0;0;0;0;0;0;0;0;1
;566275;04.04.2023 19:30;0:35:50;ВУЗ;566275;18;Жен;Юридический;3,714285714;4,285714286;2,571428571;2,571428571;2,166666667;3,666666667;3,166666667;3,666666667;3,833333333;;;;;1,666666667;4,142857143;3,875;4;12;2;2;2;0;2;0;2;0;0;0;2;0;1;0;0;1;0;0;0;0;0;0;2
;566274;04.04.2023 19:18;0:25:08;ВУЗ;566274;18;Жен;Экономический;3;4;2,571428571;3,142857143;3;2,5;2,166666667;4,166666667;2,5;;;;;2,555555556;4,428571429;2,875;5;9;2;2;1;0;2;0;2;0;0;0;1;0;0;0;0;0;0;1;0;0;0;1;2
;566273;04.04.2023 19:37;0:43:39;ВУЗ;566273;19;Жен;Географический;2,714285714;2,857142857;2,285714286;2,714285714;3,666666667;3;3,5;3,5;3;;;;;2,666666667;4,142857143;2,375;0;15;1;0;1;0;2;0;2;2;0;0;2;0;1;2;0;2;0;0;0;0;0;0;0
;566272;04.04.2023 19:37;0:44:31;ВУЗ;566272;18;Жен;Географический;3,428571429;3,428571429;2,571428571;2,285714286;3,166666667;3,833333333;2,833333333;3;1,833333333;;;;;1,888888889;3,571428571;3,375;5;12;2;2;1;0;2;0;2;1;0;0;2;1;0;0;0;1;0;1;1;1;0;0;0
;566270;04.04.2023 19:15;0:24:02;ВУЗ;566270;18;Муж;Химический;3,285714286;4,428571429;3,142857143;2,714285714;4,333333333;3,333333333;3,166666667;2,666666667;3,666666667;;;;;2,444444444;2,428571429;2,375;6;5;1;1;1;1;1;1;1;0;0;0;0;1;0;0;0;0;0;0;1;1;0;0;1
;566269;04.04.2023 19:28;0:37:10;ВУЗ;566269;20;Жен;Экономический;2,857142857;2,571428571;1;1,714285714;3;3,5;3,5;4,5;4,333333333;;;;;1;2,714285714;1,875;0;11;1;0;2;0;1;0;2;0;0;0;2;0;1;2;0;0;0;0;0;0;0;0;0
;566268;04.04.2023 19:04;0:13:49;ВУЗ;566268;18;Муж;Философско-социологический;3,857142857;3,857142857;2,857142857;2,714285714;4,166666667;3,333333333;3,5;2,333333333;3,166666667;;;;;3;2,428571429;2;1;8;0;0;0;0;2;0;1;0;0;0;2;0;2;0;0;0;0;0;1;0;0;0;1
;566267;04.04.2023 19:30;0:39:54;ВУЗ;566267;19;Жен;Философско-социологический;3,285714286;4,428571429;2,571428571;2,285714286;4,833333333;4,333333333;3,833333333;2,166666667;4,666666667;;;;;1,888888889;2,571428571;2;3;5;1;1;1;0;1;0;0;0;0;1;1;0;0;1;0;0;0;0;0;0;0;0;1
;566266;04.04.2023 19:25;0:34:58;ВУЗ;566266;19;Жен;Философско-социологический;3,142857143;1,857142857;2,857142857;2,142857143;1,5;2,833333333;2,5;4,666666667;3,5;;;;;3,222222222;4;4;5;13;2;1;1;0;1;0;2;1;0;1;2;1;1;1;0;0;1;0;1;0;0;1;1
;566265;04.04.2023 19:16;0:26:13;ВУЗ;566265;19;Жен;Химический;2,428571429;3,857142857;1,714285714;1,428571429;3,833333333;4,833333333;4,833333333;1,166666667;3,5;;;;;1,333333333;1,714285714;1,5;0;5;1;0;0;0;2;0;1;0;0;0;1;0;0;0;0;0;0;0;0;0;0;0;0
;566264;04.04.2023 19:36;0:45:42;ВУЗ;566264;19;Жен;Филологический;2,285714286;3,142857143;1,571428571;2;3,833333333;3,666666667;3,333333333;3,666666667;3,166666667;;;;;1;2,857142857;2,75;0;10;1;0;1;0;2;0;2;0;0;0;2;0;0;1;0;1;0;0;0;0;0;0;0
;566263;04.04.2023 19:30;0:39:39;ВУЗ;566263;19;Жен;Биологический ;2,857142857;3;2,571428571;1,428571429;4,5;4,166666667;3,833333333;3,5;3,5;;;;;2;4,285714286;2,5;2;11;2;1;1;0;1;0;2;1;0;0;2;0;1;1;0;0;0;0;0;0;0;0;1
;566262;04.04.2023 19:28;0:38:10;ВУЗ;566262;18;Жен;Биологический ;2,571428571;3,142857143;1,571428571;1;3,833333333;4,666666667;4,5;2,333333333;3,166666667;;;;;1,666666667;2,142857143;3,125;1;7;2;0;0;0;2;0;1;0;0;0;0;0;1;1;0;0;0;0;0;0;0;0;1
;566261;04.04.2023 19:23;0:33:27;ВУЗ;566261;18;Жен;Механико-математический;2,857142857;3,857142857;2,571428571;1,714285714;3,5;3,666666667;4;3;3,166666667;;;;;1,777777778;3,285714286;2,75;1;5;1;1;1;0;0;0;1;0;0;0;1;0;0;0;0;0;0;0;1;0;0;0;0
;566260;04.04.2023 19:20;0:30:36;ВУЗ;566260;18;Жен;Юридический;3,571428571;3,142857143;2,571428571;2,428571429;3,5;2,5;3,333333333;3,833333333;3,5;;;;;2,666666667;3,571428571;4,125;3;12;2;1;2;0;1;0;2;0;0;0;2;1;1;1;0;0;0;0;0;0;0;1;1
;566259;04.04.2023 19:17;0:27:55;ВУЗ;566259;18;Муж;Философско-социологический;3,714285714;3,428571429;2,857142857;2,428571429;2,5;2,666666667;2,833333333;4;4,166666667;;;;;1,888888889;3,571428571;3,375;0;7;1;0;1;0;1;0;2;0;0;0;1;0;0;0;0;0;0;0;0;0;0;1;0
;566242;04.04.2023 18:35;0:18:14;ВУЗ;566242;20;Жен;Биологический ;4,285714286;4;2,571428571;2,142857143;3,333333333;2,5;2,166666667;3,166666667;3,833333333;;;;;1,444444444;1,571428571;1,625;0;5;1;0;0;0;1;0;1;0;0;0;1;0;0;1;0;0;0;0;0;0;0;0;0
;566230;04.04.2023 18:12;0:38:04;ВУЗ;566230;21;Жен;Механико-математический;4,428571429;4;3;3,428571429;3,333333333;2,166666667;2,333333333;4,666666667;4,666666667;;;;;2,888888889;4,857142857;4,25;3;19;2;2;2;0;2;0;2;2;0;0;2;0;2;2;0;1;0;0;0;0;0;2;1
;566229;04.04.2023 18:18;0:50:21;ВУЗ;566229;20;Жен;Биологический ;4,285714286;2,285714286;1,714285714;1,571428571;2,333333333;3,5;4,333333333;2,666666667;3,333333333;;;;;1;2,571428571;2,25;0;6;1;0;1;0;0;0;1;0;0;0;1;0;0;1;0;0;0;0;0;0;0;1;0
;566227;04.04.2023 17:47;0:32:52;ВУЗ;566227;20;Жен;Химический;2,571428571;3,714285714;2,428571429;1,428571429;4,166666667;4,5;3,5;2;3,833333333;;;;;1,666666667;3;1,375;0;7;1;0;1;0;1;0;1;0;0;0;1;0;0;1;0;0;0;0;1;0;0;0;0
;566222;04.04.2023 17:44;0:40:37;ВУЗ;566222;21;Жен;Механико-математический;1,857142857;2,142857143;3,428571429;2,571428571;3,666666667;3;3,166666667;4;4;;;;;2,777777778;4;2,25;4;11;2;1;1;0;2;1;1;1;0;0;1;0;1;0;0;1;0;0;0;1;0;1;1
;566217;04.04.2023 20:17;3:20:56;ВУЗ;566217;21;Муж;Экономический;3,857142857;2,428571429;2;1,428571429;2;4,333333333;2,833333333;3,166666667;2,833333333;;;;;1,222222222;1,571428571;2,75;0;9;1;0;1;0;1;0;1;1;0;0;1;0;1;1;0;0;0;0;1;0;0;0;0
;566203;04.04.2023 16:57;0:21:17;ВУЗ;566203;21;Муж;Химический;4;4,142857143;2,142857143;2,571428571;2,666666667;3;3,166666667;2,666666667;4,666666667;;;;;1,777777778;2,285714286;3;1;10;1;1;1;0;1;0;1;0;0;0;1;0;2;1;0;0;0;0;1;0;0;1;0
;566193;04.04.2023 16:43;0:26:53;ВУЗ;566193;20;Жен;Юридический;2,714285714;3;1,714285714;1,428571429;3;3;3;4,166666667;3,5;;;;;2;4,142857143;3;5;14;2;1;1;1;2;0;2;1;0;0;2;0;1;1;0;0;0;0;1;0;1;1;2
;566190;04.04.2023 17:02;0:50:15;ВУЗ;566190;20;Муж;Экономический;3,428571429;4;2,857142857;2,428571429;3,833333333;3,166666667;3,5;3,333333333;3,833333333;;;;;2,444444444;3,857142857;2,25;1;9;1;1;2;0;1;0;2;1;0;0;1;0;0;0;0;0;0;0;1;0;0;0;0
;566182;04.04.2023 16:20;0:27:21;ВУЗ;566182;20;Жен;Философско-социологический;3;3;1,714285714;1,571428571;3,166666667;3,666666667;3,166666667;2,833333333;3,166666667;;;;;1;2;2;2;6;1;1;1;0;1;0;0;0;0;0;1;0;1;1;0;0;0;0;0;0;0;0;1
;566180;04.04.2023 16:11;0:26:00;ВУЗ;566180;21;Муж;Химический;4,142857143;3,428571429;3,428571429;2,571428571;2,333333333;3,166666667;4,166666667;2,166666667;3,833333333;;;;;2,444444444;2;3,25;1;8;1;1;1;0;0;0;1;1;0;0;1;0;1;1;0;0;0;0;1;0;0;0;0
;566176;04.04.2023 15:56;0:14:47;ВУЗ;566176;22;Жен;Современных иностранных языков и литератур;2,714285714;1,428571429;1,714285714;1,285714286;1;3,166666667;2,5;4,5;4;;;;;1,666666667;3,142857143;3,25;0;4;1;0;0;0;0;0;1;1;0;0;1;0;0;0;0;0;0;0;0;0;0;0;0
;566172;04.04.2023 16:00;0:20:23;ВУЗ;566172;21;Жен;Философско-социологический;3,428571429;5;2,571428571;2;5;2,666666667;4;4;3,333333333;;;;;1,555555556;4;1,875;5;11;2;2;1;0;2;0;1;0;0;0;2;0;1;0;0;1;1;0;0;1;0;1;1
;566162;04.04.2023 15:52;0:24:56;ВУЗ;566162;21;Жен;Юридический;2,714285714;3;1,285714286;2,142857143;3;4;3,666666667;3,833333333;4;;;;;1,222222222;2,571428571;1,75;1;7;1;0;1;0;1;0;1;0;0;0;1;0;0;0;0;1;0;0;0;0;0;1;1
;566158;04.04.2023 18:01;2:38:22;ВУЗ;566158;20;Муж;Историко-политологический;4,142857143;2,571428571;2,285714286;2,428571429;3,333333333;3;2,333333333;3,833333333;4,166666667;;;;;2,666666667;3,285714286;3,625;2;8;1;0;1;0;1;0;1;0;0;0;1;0;1;1;0;0;0;0;1;0;1;0;1
;566156;04.04.2023 16:16;0:54:05;ВУЗ;566156;21;Жен;Историко-политологический;2,857142857;3,428571429;1,857142857;1,142857143;3,5;4,166666667;2,666666667;3,833333333;3,666666667;;;;;1,333333333;3,142857143;2,125;0;11;1;0;1;0;2;0;1;1;0;0;2;0;1;1;0;0;0;0;0;0;0;1;0
;566152;04.04.2023 16:06;0:47:18;ВУЗ;566152;20;Муж;Историко-политологический;2,142857143;2,571428571;2,142857143;1,857142857;5;3;4;3;4,833333333;;;;;1,777777778;2,142857143;1,75;2;11;1;1;1;0;2;0;1;1;0;1;1;0;1;2;0;0;0;0;1;0;0;0;0
;566151;04.04.2023 16:22;1:04:25;ВУЗ;566151;20;Жен;Историко-политологический;3,714285714;3,571428571;1,571428571;1,857142857;3,666666667;2,666666667;4,333333333;2,666666667;4,666666667;;;;;2;2,857142857;2;2;8;1;1;1;0;1;0;1;0;0;0;1;0;0;1;0;0;0;0;1;0;0;1;1
;566149;04.04.2023 15:58;0:40:53;ВУЗ;566149;21;Муж;Историко-политологический;3,714285714;3,428571429;1,285714286;1,142857143;4,5;3;4,166666667;2,666666667;2,333333333;;;;;1,555555556;2,142857143;2,75;2;4;1;1;0;0;1;0;0;0;0;0;0;0;1;0;0;0;0;0;1;0;0;0;1
;566147;04.04.2023 15:43;0:26:57;ВУЗ;566147;21;Муж;Историко-политологический;4,428571429;4;2,428571429;2,571428571;4;3;2,833333333;3;4,166666667;;;;;2,111111111;2,714285714;2,75;3;10;1;1;1;0;1;0;1;0;0;0;1;0;2;2;0;0;1;0;1;1;0;0;0
;566143;04.04.2023 16:10;0:55:47;ВУЗ;566143;20;Жен;Историко-политологический;3,428571429;3,571428571;2,714285714;2;3,666666667;4;3;3,333333333;2,666666667;;;;;2,444444444;2,714285714;2,375;2;9;1;1;2;0;1;0;1;1;0;0;1;1;0;1;0;0;0;0;0;0;0;1;0
;566141;04.04.2023 15:38;0:26:16;ВУЗ;566141;21;Жен;Историко-политологический;3,714285714;3,285714286;1,714285714;1,857142857;3;3,5;3;3,5;2,166666667;;;;;1;2,285714286;2,875;1;4;1;1;1;0;1;0;0;0;0;0;1;0;0;0;0;0;0;0;0;0;0;0;0
;566139;04.04.2023 15:42;0:30:50;ВУЗ;566139;21;Жен;Историко-политологический;3;2,571428571;1,857142857;1,142857143;2,833333333;3,666666667;4;3,5;3,166666667;;;;;1,444444444;3;2,125;0;8;2;0;1;0;1;0;1;1;0;0;1;0;0;0;0;0;0;0;0;0;0;1;0
;566128;04.04.2023 15:11;0:21:46;ВУЗ;566128;21;Муж;Историко-политологический;3,142857143;3,142857143;2;2,428571429;2,666666667;3;2,833333333;3,333333333;4,166666667;;;;;1,555555556;2,857142857;2,125;0;5;1;0;1;0;1;0;1;0;0;0;1;0;0;0;0;0;0;0;0;0;0;0;0
;566121;04.04.2023 18:07;3:19:10;ВУЗ;566121;20;Жен;Историко-политологический;3,571428571;4;2,714285714;1,571428571;4,5;3,5;3,5;3;3,5;;;;;1,666666667;3,142857143;3,125;1;8;1;0;1;0;1;0;1;0;0;1;1;0;0;2;0;0;0;0;1;0;0;0;0
;566115;04.04.2023 15:47;1:01:15;ВУЗ;566115;20;Жен;Историко-политологический;4,142857143;4;1,571428571;2,571428571;4,5;2,166666667;4,333333333;3,166666667;4,666666667;;;;;1,222222222;4;4,25;3;11;2;1;0;0;1;0;2;0;0;0;2;0;1;1;0;1;0;0;0;0;0;1;2
;566113;04.04.2023 15:30;0:46:33;ВУЗ;566113;20;Жен;Историко-политологический;2,857142857;3,142857143;1,714285714;2,142857143;4,333333333;3,833333333;3;3,5;3,166666667;;;;;1,333333333;3;2,375;1;8;1;0;1;0;1;0;1;0;0;0;2;0;0;1;0;0;0;0;0;0;0;1;1
;566112;04.04.2023 15:27;0:43:37;ВУЗ;566112;22;Муж;Филологический;3;3;1,142857143;1,142857143;3,666666667;4,5;2,833333333;1,166666667;3,5;;;;;1,666666667;1,571428571;1,375;0;1;0;0;0;0;1;0;0;0;0;0;0;0;0;0;0;0;0;0;0;0;0;0;0
;566108;04.04.2023 15:28;0:45:57;ВУЗ;566108;22;Муж;Филологический;3,571428571;3;3,142857143;3,142857143;3,166666667;3,333333333;3,333333333;3;3,666666667;;;;;3,333333333;3,571428571;2,25;7;12;2;1;1;1;1;1;1;0;0;0;1;0;1;1;0;1;1;1;2;1;0;1;1
;566107;04.04.2023 15:15;0:32:09;ВУЗ;566107;20;Муж;Филологический;3,714285714;2,142857143;1,428571429;1,142857143;2,833333333;4,5;4,333333333;2,166666667;2,666666667;;;;;1,666666667;1,285714286;1,125;0;1;1;0;0;0;0;0;0;0;0;0;0;0;0;0;0;0;0;0;0;0;0;0;0
;566106;04.04.2023 15:10;0:28:08;ВУЗ;566106;21;Жен;Современных иностранных языков и литератур;4,571428571;2,714285714;1,285714286;3;1,833333333;2,333333333;4,833333333;4,833333333;3,833333333;;;;;3;5;4;2;18;2;1;2;0;2;0;2;1;0;0;2;0;2;2;0;0;0;0;1;0;0;2;1
;566105;04.04.2023 15:05;0:22:58;ВУЗ;566105;20;Жен;Современных иностранных языков и литератур;3,285714286;3,142857143;1,857142857;1,142857143;3,166666667;3,166666667;3,333333333;3,333333333;3,5;;;;;1,444444444;1,142857143;1,375;0;1;1;0;0;0;0;0;0;0;0;0;0;0;0;0;0;0;0;0;0;0;0;0;0
;566103;04.04.2023 15:24;0:42:20;ВУЗ;566103;22;Жен;Филологический;3;3,285714286;2;2,285714286;4;4;3,833333333;2,5;3,166666667;;;;;1,333333333;2,571428571;2,375;4;6;1;1;1;0;1;0;0;0;0;0;1;0;1;1;0;0;1;0;0;1;0;0;1
;566102;04.04.2023 16:04;1:24:23;ВУЗ;566102;21;Жен;Филологический;3,857142857;4,571428571;3;1,428571429;4,5;3,166666667;4,166666667;3,833333333;4,166666667;;;;;3;4,714285714;1,875;8;16;2;2;2;1;2;0;2;1;0;0;2;1;2;2;0;0;0;0;1;2;0;0;2
;566099;04.04.2023 15:29;0:52:52;ВУЗ;566099;20;Жен;Философско-социологический;3,571428571;2,571428571;1,142857143;1,571428571;3;3,5;4,833333333;2;4;;;;;1,777777778;2,285714286;2,375;1;7;1;1;1;0;1;0;1;0;0;0;0;0;0;1;0;1;0;0;1;0;0;0;0
;566096;04.04.2023 15:19;0:45:21;ВУЗ;566096;21;Жен;Экономический;3,857142857;3,571428571;2,142857143;1;3,166666667;4;3,5;4,166666667;1,833333333;;;;;1,222222222;2,428571429;1,75;2;9;1;1;2;0;2;0;1;0;0;0;1;0;1;1;0;0;0;0;0;0;0;0;1
;566094;04.04.2023 15:12;0:39:19;ВУЗ;566094;21;Жен;Филологический;3,857142857;3,428571429;2,142857143;2,857142857;3,166666667;2,833333333;3,666666667;3,333333333;4,333333333;;;;;2,333333333;3,428571429;3;0;12;2;0;1;0;1;0;1;1;0;0;1;0;1;2;0;1;0;0;0;0;0;1;0
;566092;04.04.2023 15:03;0:30:10;ВУЗ;566092;21;Муж;Географический;4,428571429;2,857142857;3,142857143;1,571428571;2;3,166666667;1,833333333;4,166666667;4;;;;;2,444444444;3,285714286;3,125;1;8;1;1;1;0;1;0;1;0;0;0;1;0;1;1;0;0;0;0;1;0;0;0;0
;566091;04.04.2023 15:03;0:30:36;ВУЗ;566091;22;Жен;Юридический;3,428571429;3,142857143;1,714285714;1,428571429;2,5;4,333333333;3;4;4,166666667;;;;;1,111111111;2,142857143;2,625;2;7;1;1;0;0;1;0;1;0;0;0;2;0;0;1;0;0;0;0;1;0;0;0;1
;566090;04.04.2023 15:07;0:35:26;ВУЗ;566090;22;Жен;Механико-математический;2,428571429;3,285714286;1,428571429;1,571428571;4,333333333;3,333333333;2,833333333;3,166666667;4,166666667;;;;;1,666666667;3,857142857;2,375;1;6;1;1;0;0;1;0;1;0;0;0;1;0;1;1;0;0;0;0;0;0;0;0;0
;566088;04.04.2023 14:59;0:27:10;ВУЗ;566088;20;Жен;Философско-социологический;2,142857143;3,857142857;1,285714286;1;3,833333333;4,666666667;3,333333333;2,5;4;;;;;1,444444444;2,857142857;1,25;1;5;1;0;0;0;1;0;1;1;0;0;1;0;0;0;0;0;0;0;0;0;0;0;1
;566087;04.04.2023 15:03;0:32:41;ВУЗ;566087;21;Жен;Историко-политологический;4;3,142857143;2;1,571428571;3,333333333;3,166666667;3,333333333;3,166666667;3;;;;;2,222222222;2,428571429;3,125;1;9;1;1;1;0;2;0;1;0;0;0;2;0;1;0;0;0;0;0;0;0;0;1;0
;566086;04.04.2023 15:17;0:46:25;ВУЗ;566086;21;Жен;Юридический;4;2,142857143;2,571428571;2,571428571;2,5;3,166666667;2,833333333;2,5;4,166666667;;;;;2,111111111;2,285714286;2,625;1;4;1;1;0;0;1;0;0;0;0;0;1;0;1;0;0;0;0;0;0;0;0;0;0
;566084;04.04.2023 15:03;0:33:10;ВУЗ;566084;20;Муж;Юридический;3,142857143;3,857142857;2,428571429;2,142857143;4,666666667;4;4,833333333;2,166666667;4,5;;;;;3;3,142857143;2;1;13;1;1;1;0;2;0;1;1;0;0;1;0;1;2;0;1;0;0;1;0;0;1;0
;566081;04.04.2023 15:24;0:55:14;ВУЗ;566081;20;Муж;Механико-математический;3,142857143;1,857142857;2,571428571;1,714285714;2;2,666666667;1,666666667;3,666666667;2,666666667;;;;;2,666666667;3,142857143;3,5;5;11;2;0;1;1;1;1;1;1;0;0;2;0;1;1;0;0;1;1;0;0;0;1;1
;566080;04.04.2023 15:16;0:47:48;ВУЗ;566080;21;Жен;Юридический;4,285714286;3,714285714;2,142857143;2,714285714;2,666666667;2,5;3,5;4,5;4,166666667;;;;;1,666666667;4,428571429;3,625;3;11;1;2;2;0;2;0;1;0;0;0;2;0;2;0;0;0;0;0;0;0;0;1;1
;566079;04.04.2023 15:12;0:43:39;ВУЗ;566079;21;Жен;экономический ;3;3,285714286;2,285714286;1,428571429;3,166666667;3;4,166666667;4,333333333;3,833333333;;;;;1,444444444;3,285714286;3,125;1;8;1;0;1;0;2;0;1;0;0;0;1;0;1;0;0;0;0;0;0;0;0;1;1
;566078;04.04.2023 15:23;0:55:35;ВУЗ;566078;22;Жен;Географический;3,857142857;3,142857143;2;1,857142857;1,833333333;3,666666667;3,333333333;3,333333333;3,833333333;;;;;1,777777778;3,285714286;3;2;9;1;0;1;0;2;0;0;0;0;0;1;0;1;2;0;0;0;0;0;1;1;1;0
;566077;04.04.2023 15:11;0:43:08;ВУЗ;566077;24;Жен;Географический;3,857142857;2;2,428571429;3,285714286;1,833333333;3,166666667;2,333333333;4,333333333;3,166666667;;;;;2,666666667;4,142857143;3,625;2;14;1;0;1;0;2;0;2;1;0;0;2;0;1;1;0;1;0;0;1;1;0;1;1
;566076;04.04.2023 14:59;0:32:02;ВУЗ;566076;20;Жен;Химический;2,857142857;3,714285714;1,857142857;1,571428571;4,5;4,833333333;4,333333333;2,666666667;3,333333333;;;;;1,222222222;3,714285714;2;2;7;1;1;1;0;1;0;1;0;0;0;1;0;1;1;0;0;0;0;0;0;0;0;1
;566075;04.04.2023 15:08;0:40:58;ВУЗ;566075;21;Жен;Экономический;3,857142857;1,857142857;1,714285714;2,714285714;2,166666667;3,833333333;3;3,333333333;2,5;;;;;1,666666667;2,571428571;2,375;1;5;1;0;1;0;0;0;1;1;0;0;0;0;1;0;0;0;0;0;0;0;1;0;0
;566074;04.04.2023 15:22;0:55:10;ВУЗ;566074;22;Жен;Философско-социологический;4,428571429;3,857142857;1,428571429;3,142857143;2,166666667;2,166666667;4,333333333;3,666666667;3,5;;;;;2,555555556;3,857142857;3;3;14;1;2;2;0;2;0;1;2;0;0;2;0;1;2;0;0;0;0;0;0;0;1;1
;566073;04.04.2023 14:55;0:28:48;ВУЗ;566073;20;Жен;Философско-социологический;3,428571429;3,285714286;2;1;4;4,666666667;3,833333333;3;4;;;;;1,333333333;3,571428571;2,25;1;7;1;0;1;0;1;0;1;0;0;0;1;0;1;0;0;0;0;0;0;1;0;1;0
;566072;04.04.2023 15:06;0:39:03;ВУЗ;566072;22;Жен;Философско-социологический;2,714285714;2,857142857;1,714285714;1,285714286;3,5;3,666666667;3;4;3,833333333;;;;;1,555555556;3,142857143;3;2;9;1;1;1;0;2;0;1;0;0;0;1;0;1;1;0;0;0;0;1;1;0;0;0
;566071;04.04.2023 15:05;0:39:00;ВУЗ;566071;21;Жен;Химический;4;3,142857143;3;2,714285714;3;3,166666667;3,333333333;5;4;;;;;2;4,571428571;3,875;1;10;1;1;1;0;2;0;2;0;0;0;2;0;0;1;0;0;0;0;0;0;0;1;0
;566070;04.04.2023 14:48;0:21:28;ВУЗ;566070;20;Жен;Филологический;2;2,142857143;2,142857143;2;1,333333333;3;1,166666667;5;4,5;;;;;3,222222222;5;3,625;7;15;2;1;2;1;2;0;2;2;0;1;2;0;2;0;0;0;1;0;0;1;0;1;2
;566069;04.04.2023 15:06;0:39:28;ВУЗ;566069;20;Жен;Биологический;3,571428571;4;2,428571429;1,571428571;4,166666667;4;3,833333333;2;3,333333333;;;;;1,888888889;2,714285714;2,375;1;6;1;0;1;0;1;0;1;0;0;0;0;0;0;0;0;0;0;0;1;1;0;1;0
;566068;04.04.2023 15:03;0:37:17;ВУЗ;566068;20;Жен;Биологический;4;2,142857143;2,142857143;4;1,5;2,666666667;2,833333333;3,833333333;1,833333333;;;;;1,888888889;3,428571429;2,875;6;10;1;1;1;0;1;0;1;1;0;0;1;0;2;1;0;1;1;0;0;1;2;0;1
;566067;04.04.2023 15:10;0:44:31;ВУЗ;566067;20;Муж;Механико-математический;3,285714286;3,714285714;2,571428571;2,857142857;4;3,833333333;3;1,5;3,666666667;;;;;2,111111111;2,857142857;3;5;7;0;1;1;1;1;0;1;0;0;1;1;0;1;2;1;0;0;0;0;1;0;0;0
;566065;04.04.2023 15:07;0:41:24;ВУЗ;566065;21;Жен;Юридический;2,714285714;3,571428571;2,142857143;2,714285714;4,5;2,5;3,333333333;2,833333333;2,5;;;;;2,111111111;3,428571429;1,875;2;8;2;1;1;0;1;0;1;0;0;0;1;0;0;1;0;0;1;0;0;0;0;1;0
;566064;04.04.2023 14:54;0:28:57;ВУЗ;566064;21;Жен;Философско-социологический;3,285714286;3;2,428571429;2,142857143;3,666666667;3,333333333;4;3,666666667;2,833333333;;;;;2,777777778;3,714285714;3;5;15;2;2;1;1;1;0;2;2;0;0;1;1;1;2;0;1;0;0;1;0;0;1;1
;566063;04.04.2023 14:58;0:32:57;ВУЗ;566063;21;Жен;Биологический;2,714285714;1,857142857;1,285714286;1,714285714;3,333333333;4,166666667;3,833333333;2,166666667;2,833333333;;;;;2;1,714285714;1,75;0;8;1;0;1;0;1;0;1;1;0;0;1;0;1;1;0;0;0;0;0;0;0;0;0
;566062;04.04.2023 15:07;0:41:14;ВУЗ;566062;20;Муж;Механико-математический;3,428571429;3,142857143;3;2,857142857;3;2,666666667;2,5;4,333333333;4;;;;;3,444444444;3;3,25;6;9;1;1;1;1;1;0;1;1;0;0;1;0;0;1;0;0;1;0;1;1;2;1;0
;566059;04.04.2023 15:05;0:39:52;ВУЗ;566059;20;Жен;Биологический ;3,857142857;3;2,714285714;2,714285714;3,333333333;2,833333333;3,5;3,833333333;2,333333333;;;;;1,777777778;2,714285714;2,875;2;7;1;1;1;0;1;0;1;1;0;0;1;0;0;1;0;0;0;0;0;0;0;0;1
;566056;06.04.2023 15:20;48:54:52;ВУЗ;566056;20;Жен;Химический;2,285714286;3,857142857;2,285714286;1,571428571;4,833333333;3,666666667;4,333333333;2;4,166666667;;;;;1,777777778;2;1,875;0;6;1;0;0;0;1;0;0;1;0;0;1;0;0;1;0;1;0;0;0;0;0;0;0
;566055;04.04.2023 14:57;0:31:35;ВУЗ;566055;21;Муж;Механико-математический;3,142857143;3,285714286;2;3,142857143;3;3;4,5;1,5;2,166666667;;;;;1,444444444;2,428571429;2,25;5;4;1;1;1;0;0;0;0;0;0;1;0;1;1;1;0;0;0;1;0;0;0;0;1
;566054;04.04.2023 14:57;0:32:03;ВУЗ;566054;21;Жен;Экономический ;3,142857143;3;1,428571429;1,285714286;3,666666667;4,166666667;3,166666667;2,666666667;3,333333333;;;;;1,444444444;2,571428571;3,375;3;4;1;1;1;0;1;0;0;0;0;0;1;0;0;0;0;0;0;0;0;1;0;0;1
;566052;04.04.2023 14:50;0:25:21;ВУЗ;566052;22;Жен;Химический;2,571428571;4,714285714;2,714285714;1,428571429;5;3,166666667;2,333333333;3,333333333;2,333333333;;;;;2,111111111;5;2,75;5;13;2;2;2;0;1;0;2;0;0;0;2;0;0;1;0;0;1;0;1;0;0;2;2
;566051;04.04.2023 14:46;0:21:30;ВУЗ;566051;21;Муж;Юридический;4;3,571428571;1,428571429;2,428571429;4;3,333333333;3,5;1,333333333;3,833333333;;;;;2;1,857142857;1,875;2;9;1;1;1;0;1;0;1;0;0;0;1;0;1;1;0;0;0;0;1;0;0;1;1
;566048;04.04.2023 15:03;0:38:38;ВУЗ;566048;20;Жен;Экономический;3,428571429;3,285714286;1,571428571;1,428571429;2,666666667;4,166666667;4;2,5;3,833333333;;;;;1;1,714285714;2,375;1;4;1;1;0;0;0;0;1;0;0;0;1;0;1;0;0;0;0;0;0;0;0;0;0
;566044;04.04.2023 14:58;0:33:39;ВУЗ;566044;21;Жен;Философско-социологический ;4,428571429;4,285714286;3;2;4;3,666666667;2,666666667;2,833333333;3,166666667;;;;;1,222222222;4;2,625;7;10;1;2;1;1;2;0;1;1;0;0;1;0;1;2;1;0;1;0;0;1;0;0;1
;566043;04.04.2023 14:59;0:35:11;ВУЗ;566043;20;Жен;Химический;4;2,285714286;2,571428571;1,142857143;3,333333333;3,833333333;2,5;4;3,166666667;;;;;2,333333333;3,571428571;3,875;3;16;1;1;1;1;2;0;2;2;0;0;2;0;1;2;0;1;0;0;1;0;0;1;1
;566042;04.04.2023 14:56;0:32:41;ВУЗ;566042;20;Жен;Современных иностранных языков и литератур;3,285714286;3,571428571;2,285714286;1,285714286;3,833333333;3,5;3,5;3,333333333;3,666666667;;;;;2;3,714285714;2,125;2;10;2;1;1;0;2;0;1;1;0;0;1;0;1;1;0;0;0;0;0;0;0;0;1
;565792;04.04.2023 11:19;0:22:18;ВУЗ;565792;20;Жен;Философско-социологический;4;4;1,571428571;2,571428571;4,333333333;2,5;4,166666667;1,333333333;2,666666667;;;;;1,555555556;3,285714286;1,75;5;11;1;1;1;0;1;0;2;0;0;1;2;0;1;1;0;1;1;0;0;1;0;1;1
;565767;04.04.2023 11:09;0:25:00;ВУЗ;565767;21;Жен;Юридический;3,285714286;3;1,285714286;1;3,833333333;3,5;3,833333333;2;4,166666667;;;;;1,666666667;3,571428571;2,125;3;9;1;1;1;0;1;0;1;0;0;0;1;0;2;1;0;0;0;0;0;1;0;1;1
;563729;31.03.2023 13:05;1:31:10;ВУЗ;563729;19;Жен;Историко-политологический;3;2,142857143;1,714285714;1;3,833333333;4;4;2,5;4;;;;;1,777777778;3,428571429;2,25;2;7;1;1;1;0;1;0;1;0;0;0;1;0;1;1;0;0;0;0;0;0;0;0;1
;558501;22.03.2023 14:30;0:21:22;ВУЗ;558501;21;Муж;Историко-политологический;4;3,285714286;2,857142857;3,428571429;2,333333333;2,5;2,666666667;3,166666667;3;;;;;2,777777778;2,714285714;3,25;2;7;1;2;2;0;0;0;2;0;0;0;0;0;0;0;0;0;0;0;1;0;0;1;0
;558496;22.03.2023 14:08;0:23:35;ВУЗ;558496;23;Муж;Историко-политологический;3,857142857;3,571428571;3;3,285714286;3,166666667;3,5;3,5;3,166666667;2,5;;;;;2,777777778;2,857142857;3,375;5;11;1;1;1;1;1;0;1;0;0;0;1;1;1;1;0;0;0;1;2;0;0;2;1
;558495;22.03.2023 14:11;0:27:24;ВУЗ;558495;21;Муж;Историко-политологический;4,142857143;3,142857143;2,571428571;3,428571429;3,666666667;2,666666667;3,5;2,5;3;;;;;2,555555556;2,714285714;3,125;3;7;1;1;1;0;1;0;0;0;0;0;1;0;1;1;0;0;0;0;1;1;0;0;1
;558494;22.03.2023 14:10;0:30:14;ВУЗ;558494;20;Жен;Историко-политологический;3,571428571;2,857142857;2,142857143;1,285714286;4;3,666666667;3,666666667;2,666666667;2,5;;;;;1;2;2,625;1;7;2;0;1;0;2;0;1;0;0;0;1;0;0;0;0;0;0;0;0;0;0;0;1
;558493;22.03.2023 14:24;0:44:41;ВУЗ;558493;21;Жен;Историко-политологический;3,857142857;3,142857143;1,714285714;2;2,333333333;3,333333333;4;4,333333333;2,833333333;;;;;1,222222222;3,571428571;3,625;3;11;1;1;1;1;2;0;1;0;0;0;1;0;1;2;0;1;0;0;0;0;0;1;1
;558492;22.03.2023 14:16;0:37:21;ВУЗ;558492;21;Жен;Историко-политологический;3,142857143;2,857142857;1,857142857;1,714285714;3,666666667;4,333333333;3,666666667;3,333333333;2,833333333;;;;;1;2,571428571;2,125;2;8;1;1;1;0;2;0;1;0;0;0;1;0;1;1;0;0;0;0;0;0;0;0;1
;558491;22.03.2023 14:21;0:42:41;ВУЗ;558491;20;Жен;Историко-политологический;2,857142857;4,142857143;2,857142857;1,285714286;4,5;4,5;3;3,666666667;3,166666667;;;;;1,777777778;2,428571429;2,125;1;5;1;1;0;0;1;0;1;0;0;0;1;0;0;0;0;0;0;0;1;0;0;0;0
;558490;22.03.2023 14:10;0:32:20;ВУЗ;558490;20;Жен;Историко-политологический;3,285714286;3,571428571;2,142857143;3,142857143;4,833333333;3,166666667;3,666666667;3,833333333;3,666666667;;;;;1,444444444;3,714285714;3,375;4;9;1;1;1;0;2;0;1;0;0;0;1;0;1;2;0;0;1;0;0;1;0;0;1
;558489;22.03.2023 14:16;0:38:30;ВУЗ;558489;21;Муж;Историко-политологический;3,714285714;3,714285714;2,428571429;1,714285714;4,166666667;4,833333333;2,166666667;1,833333333;4,5;;;;;1,555555556;2;1,5;1;5;0;0;1;0;2;0;0;0;0;0;0;0;1;1;0;0;0;0;0;1;0;0;0
;558487;22.03.2023 14:02;0:25:11;ВУЗ;558487;21;Муж;Историко-политологический;3,714285714;2,571428571;3,142857143;2,714285714;3,666666667;2,833333333;3,166666667;3,833333333;3,666666667;;;;;1,888888889;4,142857143;2,375;3;9;1;1;1;0;1;0;1;1;0;0;1;0;1;1;0;0;0;0;0;0;2;1;0
;558486;22.03.2023 14:16;0:39:09;ВУЗ;558486;21;Жен;Историко-политологический;3,571428571;3,428571429;2,428571429;3,285714286;4,166666667;2,833333333;3;3,166666667;3,5;;;;;2,777777778;2,428571429;1,75;1;5;1;0;1;0;0;0;0;0;0;0;1;0;0;1;0;0;0;0;1;1;0;0;0
;558485;22.03.2023 14:25;0:48:11;ВУЗ;558485;20;Жен;Историко-политологический;3;3,857142857;3,428571429;2,428571429;3,666666667;2,666666667;4,166666667;2,666666667;4,333333333;;;;;2,111111111;3,285714286;4;5;5;1;2;0;0;1;0;1;0;0;0;1;1;1;0;0;0;0;0;0;1;0;0;1
;555647;15.03.2023 12:25;0:36:12;ВУЗ;555647;20;Жен;Филологический ;2,142857143;2,714285714;2,285714286;1,428571429;3,333333333;3,666666667;2,5;1,666666667;3,166666667;;;;;1,222222222;2,285714286;2,25;1;5;1;1;1;0;1;0;1;0;0;0;1;0;0;0;0;0;0;0;0;0;0;0;0
;555645;15.03.2023 12:28;0:39:44;ВУЗ;555645;20;Жен;Филологический ;3,857142857;3,571428571;2,142857143;2;3,333333333;2,833333333;3;2,833333333;3,666666667;;;;;1,555555556;3;2,375;4;8;1;1;1;0;1;0;1;0;0;0;1;0;1;1;0;0;1;0;0;1;0;1;1
;555642;15.03.2023 12:24;0:36:25;ВУЗ;555642;20;Жен;Филологический;2,857142857;3,428571429;2;1,428571429;3,666666667;3,166666667;3,833333333;2,333333333;3,5;;;;;1,444444444;3;2,25;1;9;2;1;0;0;2;0;1;1;0;0;2;0;0;0;0;0;0;0;0;0;0;1;0
;555611;15.03.2023 12:13;0:29:05;ВУЗ;555611;21;Жен;Современных иностранных языков и литератур;2,285714286;4,428571429;2,714285714;2,428571429;4,166666667;3,333333333;2,833333333;4,166666667;5;;;;;1,555555556;2,428571429;2,25;0;8;1;0;1;0;2;0;1;0;0;0;1;0;1;0;0;0;0;0;0;0;0;1;0
;555608;15.03.2023 12:15;0:31:41;ВУЗ;555608;20;Жен;Современных иностранных языков и литератур;2,571428571;3,285714286;1,714285714;2,428571429;2,833333333;4;4,166666667;3,5;4,5;;;;;1,666666667;2,285714286;4,25;2;7;1;1;1;0;1;0;0;0;0;0;1;0;1;1;0;0;0;0;0;0;0;1;1
;555606;15.03.2023 12:13;0:29:46;ВУЗ;555606;20;Жен;Филологический ;3;3,142857143;1,428571429;1,571428571;2,833333333;4;3,333333333;4,666666667;4,5;;;;;1;3,428571429;3,125;0;7;1;0;1;0;1;0;1;0;0;0;1;0;2;0;0;0;0;0;0;0;0;0;0
;555605;15.03.2023 12:29;0:46:37;ВУЗ;555605;21;Жен;Филологический;3;2,857142857;2;1,428571429;2,666666667;3,166666667;3;2,5;3,833333333;;;;;1,444444444;2,285714286;2,625;3;6;1;0;0;1;1;0;1;0;0;0;1;0;1;0;0;1;1;0;0;0;0;0;1
